id,average_diameter,overall_depth,overall_height,overall_width,soma_surface,total_length,total_surface,total_volume
397905347,0.316090869,117.5429,585.6023221,287.1226276,268.7776786,3498.090031,3523.606841,306.2909311
491119234,0.331268224,81.9012,461.2805153,275.14612,551.7886454,2008.302439,2097.68855,188.4314352
491119269,0.139015308,57.5697,324.4223472,280.8512293,50.09210924,1774.258366,776.0764272,25.73299961
491119394,0.230412152,76.0357,368.2982674,251.3775669,244.457685,1650.188964,1198.531518,75.82308049
491119419,0.321162579,98.8344,417.89062,193.5905625,252.4236723,2066.369729,2085.789861,180.4464137
491119484,0.143875162,75.88,256.2625872,233.5449883,81.68893564,2163.100262,979.3301159,35.71391866
491119500,0.384290423,82.1993,589.2711294,293.4623259,713.7427551,4245.156156,5137.655246,526.7584712
491119548,0.20155039,155.7108,636.7557498,353.7841968,163.2611024,5489.517535,3475.435238,183.4104992
491119570,0.539683118,112.1462,504.6403573,358.9942325,514.5008531,3538.87678,6041.095769,945.0930801
491119581,0.317323133,53.3378,185.8683442,107.6944116,332.2671958,1491.029642,1490.434119,122.3942639
491119592,0.427836241,112.4508,620.4868623,309.1797344,515.4436856,4006.931871,5379.497395,642.6588484
491119604,0.297147107,55.1385,306.4074924,291.1293716,495.5544176,1538.964859,1439.294359,123.1698477
491119617,0.373084809,38.92,249.4181085,223.0200038,200.3358919,1270.185565,1498.379556,151.250657
491119699,0.442728574,93.0224,434.7399065,266.6974176,505.9263353,3127.086918,4362.474335,523.9319809
491119721,0.044819878,81.6116,307.3422585,389.3884373,6.533209387,1730.029465,244.1958723,2.470123364
491119743,0.345091865,51.4886,140.5068287,136.2675216,435.7402696,1666.082926,1803.875644,167.3430856
491119788,0.313582391,103.7473,329.8158709,323.3467198,471.3834091,2214.301942,2182.21472,184.6398866
491119960,0.205062291,94.0014,267.2954645,174.4111965,159.2861198,1782.528929,1148.41729,62.07485422
491119982,0.317247413,97.16,389.6369802,392.6819196,529.4655831,2721.430719,2712.663448,232.6209818
491120029,0.322776682,71.3384,329.3612549,231.8419794,368.9269851,1657.693133,1676.838651,150.0119697
491120133,0.267391703,91.3063,433.3253701,346.494228,239.0860911,2251.642796,1889.341663,143.1572049
491120305,0.259648659,44.52,170.6586373,140.6123668,358.7551591,1825.646321,1499.858295,108.1146037
491120333,0.14929187,39.2392,192.8239745,138.3498622,63.72731662,1392.382539,652.3248292,22.32553021
491120359,0.363592344,81.1168,627.54652,202.6434581,317.7124918,2194.762205,2519.812968,248.0432687
491253825,0.216744323,60.5338,344.5675978,239.1476408,112.1869969,1793.14176,1224.883715,75.21157523
491253836,0.41503213,69.7356,420.6558346,259.355807,348.1211576,2189.542864,2862.129234,349.0024288
491253858,0.378397992,74.9719,461.2848954,299.0688549,273.594897,2927.044212,3504.163392,386.6919875
491253869,0.355791825,35.4288,474.6235438,171.9925323,224.939886,2251.00166,2520.8872,280.8597962
491253895,0.458228706,51.8112,395.4194757,228.5811871,243.0868913,1690.188319,2454.265318,324.8990094
491392799,0.312097006,71.1867,456.4764105,236.6831833,113.4600003,2520.003385,2460.287696,221.2634565
491392810,0.243702635,180.32,762.2945539,376.0294716,239.2600281,6129.629535,4612.899627,339.4549155
491392868,0.302617129,53.6371,927.5443749,241.9570239,172.4589411,3657.157128,3493.358287,319.0970666
491392879,0.329790238,171.6296,492.7388531,276.9044036,356.937214,3359.460896,3480.271974,304.6969435
491458442,0.469817874,119.4779,533.1154114,422.1500863,664.9333397,4054.919379,5988.300572,773.4394851
491459171,0.439679793,70.56,429.5615826,271.7535402,290.0857635,2268.081725,3133.711533,403.2454259
491770168,0.217684736,150.0544,410.4191278,228.6314134,242.3240751,2548.759124,1741.276074,99.33895046
491770179,0.265581222,162.6198,577.6836879,222.9739476,183.401179,3156.82535,2642.56971,182.9600977
491770330,0.279102261,68.18,226.9126712,291.5997899,249.2882521,1540.776724,1353.273917,98.71691772
491770543,0.334288741,67.48,306.178787,319.8286249,629.9444535,2628.077109,2767.295803,257.3624596
491770886,0.297691345,49,265.9057879,327.9052503,314.5646937,1753.707626,1645.939367,134.5544697
491770902,0.227275251,127.0847,676.6287059,314.1646666,378.0299047,3957.718455,2826.119819,167.3440573
491770923,0.232070022,61.054,317.9419076,208.6404021,234.6288737,2354.812666,1720.544473,106.4419592
491770970,0.336623457,48.9418,460.1299605,188.0959103,196.8840044,1859.465416,1967.247014,177.7861102
491770985,0.158343242,168.28,711.6565071,234.7005588,133.779202,3911.233139,1943.213582,74.28935076
491771013,0.339378004,156.8361,601.3311642,227.8108762,583.0375457,4832.679598,5147.715784,467.2926014
491771079,0.330107602,93.8165,388.5254113,392.1475743,801.5892681,3644.172478,3788.530662,336.5762379
491771105,0.35118684,69.1037,363.5519644,211.1446207,326.2962287,2243.440158,2481.087032,238.700047
491771159,0.377498693,64.2701,219.5068146,305.3610365,534.0227567,1139.553429,1352.100002,137.9347662
491771215,0.336519609,76.603,499.1519479,313.905485,1582.977373,5626.209268,5943.302033,551.0759758
491771275,0.36111606,55.9418,495.7016026,266.6594107,222.8479794,2755.184521,3135.273165,312.8894086
491771339,0.101454957,74.6317,377.8600705,150.5888612,35.60130344,970.1567701,309.4215598,6.671285963
491771365,0.294111955,77.0247,483.3176911,231.5415242,290.0324151,2800.223542,2587.988907,202.6656863
491771398,0.368952056,54.6087,478.4343355,281.4195262,342.5542446,2086.259036,2428.439531,248.1847898
491771423,0.296900224,59.8746,518.2032451,271.4417164,341.5010456,3450.780253,3219.533626,255.4833244
491771435,0.279352694,109.172,659.1035817,289.6405087,434.3080875,4095.39865,3591.495699,267.2987228
491771446,0.278675125,81.5942,615.6121466,322.1144024,410.8176926,4664.662085,4078.018534,308.8005174
491796267,0.190385561,150.3622,648.0768877,286.7321085,111.8460529,5338.532735,3194.573045,156.9698539
492100683,0.323490914,97.053,390.8892416,276.0981782,392.5973041,2520.250992,2562.137368,217.3021188
492100896,0.267218311,49.8123,178.7041614,213.033604,150.7231288,1178.236921,991.9448886,72.27730471
492100996,0.281346724,35.7429,392.7550558,452.1231226,374.5809877,2010.260238,1779.686311,132.695865
492101025,0.332321466,41.748,279.4887303,227.9015157,390.2669446,1485.701665,1554.33599,135.548305
492101048,0.329514266,48.4501,299.9564794,283.8468609,452.4582526,1945.952828,2017.089283,177.950085
492101093,0.254847133,73.3432,516.0896742,238.7241038,280.3158483,2425.883698,1940.740313,127.5330754
492413246,0.6381454,96.4748,457.5861408,242.1917608,332.7530848,2204.330312,4393.343437,785.3584907
492413272,0.648356151,72.3976,617.3330043,254.7222102,587.2670532,3472.928424,7086.903748,1324.53782
492413283,0.689060363,122.0556,823.8659844,419.5190736,436.6651592,3679.734665,7952.543448,1542.834809
492413294,0.310411919,63.6423,376.4683308,226.7636333,178.5949445,2482.853148,2430.90031,214.0741389
492413307,0.697251895,115.9527,796.8679014,223.5784035,448.900812,3548.59096,7800.46235,1523.466084
492413318,0.751134436,95.9885,895.3128411,365.2703433,402.0994425,3663.89625,8645.702805,1906.580451
492413372,0.431508101,92.3835,693.3511679,317.6740529,483.767928,3396.915771,4605.495606,564.9665616
492413499,0.537818277,145.1761,775.2318918,298.1055624,330.6213373,2706.984455,4562.121584,700.005104
492413611,0.595643927,67.531,304.471147,225.9023365,715.4439106,2632.711328,4942.300225,824.0110279
492413624,0.311784111,60.8235,377.8385301,163.32919,52.78172312,1615.09694,1591.590344,131.5532546
492413664,0.41384195,70.8467,682.624289,244.2574281,210.3910189,2759.199056,3589.996223,420.0220123
492414382,0.267224665,89.8862,470.8441339,265.6804498,319.458815,2532.27498,2125.042777,146.3547418
495334938,0.374944596,95.2,890.8576439,338.0325311,819.1219804,4340.963064,5126.706188,556.4811953
495335436,0.465274203,104.384,565.9352422,297.2108287,561.368208,2516.338956,3652.519271,484.0379791
495335447,0.295607361,165.7706,729.9464893,356.3421105,334.6864689,5953.058905,5559.343731,447.702943
495337161,0.133801365,59.3832,321.6671556,205.1475493,77.87405419,2242.484026,946.8250674,33.04015556
495337183,0.356850959,124.5283,360.3135659,222.961451,143.1250087,1966.76847,2214.840231,225.7559441
495889950,0.266210678,72.52,490.5804925,225.8680527,97.07476053,2491.078862,2086.973034,150.1929111
496001039,0.19828648,82.6908,468.0298495,205.0770612,49.60533332,2414.899826,1508.2727,78.83585474
496001050,0.460781049,138.927,709.0463719,344.7023232,557.816895,5002.388965,7175.836339,1012.088375
496001061,0.401145172,167.5436,663.1871746,297.6255808,336.2089701,4107.174286,5185.197766,598.8310253
496001072,0.488865273,52.7875,406.3863696,236.9763051,522.9523557,2067.805445,3180.344934,460.3541986
496079434,0.281346242,67.7418,337.2107423,197.0097929,255.7987316,1765.518251,1560.361987,119.7619607
496079587,0.242284241,61.0848,649.7141611,232.9526118,166.5026119,4014.553037,3061.985826,204.2693531
496079599,0.159673107,50.6965,370.3317256,210.3538285,165.7852211,1957.075473,983.0870364,40.64020779
496079611,0.284907966,124.5631,619.2921971,267.3583305,350.2500249,3248.9972,2911.723714,217.7505857
496085098,0.189762913,126.122,634.6055291,313.9905382,203.3016088,4866.660702,2902.669306,145.8778544
496085113,0.274529894,75.2425,351.2345439,368.4863174,379.1809145,2157.815695,1864.439905,128.9709659
496085272,0.235773598,65.8273,560.3052217,248.9149266,57.34727346,3345.204587,2486.463674,163.7681417
496085294,0.42141167,141.1948,731.0724926,449.1959527,685.1186877,5095.142573,6754.559383,837.5422105
496123846,0.397360751,115.0458,599.2001555,261.475924,323.7915678,3489.181564,4354.059213,516.3739652
496163976,0.40632925,118.419,538.6111201,266.0082088,223.4107965,3218.711714,4120.041489,484.357592
496164013,0.379215397,71.9413,318.3345792,440.1887394,211.818575,1654.339551,1967.74858,212.107154
496164023,0.415101259,78.307,498.8029196,178.768493,162.8366681,2682.770693,3505.937073,413.1552376
496722847,0.335614036,106.4664,306.2955925,257.1871681,232.5540538,1593.705378,1680.93042,166.8023953
500961528,0.388753256,100.5354,561.3446909,215.5920044,245.6065121,2295.964965,2791.691115,308.4510813
500961547,0.369511903,72.389,297.5151013,289.397202,763.0968636,1854.251654,2163.325574,229.3479758
500961566,0.522215911,86.8451,564.3833367,207.2159585,321.0410149,3484.94429,5736.126079,912.0658113
500961607,0.441493669,147.1125,752.4300291,273.3774887,665.1312234,4714.02043,6548.335785,854.8631826
501146906,0.166759381,134.2793,584.465276,377.9163048,81.62796344,3580.833068,1889.541797,85.01071431
501276725,0.281599199,73.0374,380.9614913,285.0452337,349.9372221,2884.507142,2546.681412,198.8564277
505203905,0.350334035,103.3947,530.6307184,263.7117607,203.3132855,2888.022096,3166.971703,323.7221464
505203923,0.225798348,150.5501,807.6407962,343.4619065,315.7481624,7272.14663,5138.761179,305.3781846
506798042,0.460536682,111.2546,355.7772601,302.0050429,489.2972692,4044.503929,5842.096356,782.4310718
508278879,0.452637533,21.84,224.3550092,327.2016882,202.7820084,1147.963428,1629.250918,209.6009947
508278896,0.325294283,146.3468,481.843412,184.5948249,149.2890057,3043.280024,3100.645884,301.9046552
508279020,0.415121326,161.546,685.3588082,379.7334959,225.8681236,5521.221649,7162.920109,911.9526069
510979132,0.429099655,125.4328,720.2535689,254.7510133,199.3066908,6769.064714,9158.241395,1173.423361
510982908,0.366706945,113.3546,843.7114355,220.0689052,252.4442741,3615.296038,4162.262654,448.7247704
510985337,0.440604859,56.2136,468.3762749,364.1748782,298.4374139,3966.153971,5477.611632,688.3469369
510989742,0.406491243,45.0397,760.6766173,219.8908878,170.7313378,3205.841049,4098.878475,475.3810786
511962662,0.468117596,80.3883,532.6532025,266.3558703,399.591492,3903.602588,5764.438065,818.2521464
512328248,0.470016925,73.0041,568.1544432,243.4769135,320.6192945,4381.7266,6514.356338,887.257341
512328390,0.232456478,171.8562,711.7428223,368.1531225,132.711171,5913.857291,4292.306351,299.4483466
512328420,0.342586271,49.8007,609.1154958,238.1024517,376.2758312,4343.341218,4704.768195,486.6101351
512328534,0.346849848,149.7527,607.0541254,331.5492439,212.0272194,4650.557487,5072.498405,512.7188881
513556739,0.146124991,47.04,157.5834328,271.5422951,82.73622674,669.4124558,308.8805064,11.21209089
514342400,0.298147351,47.2217,457.4426677,207.4923464,212.1366207,2146.190657,2016.163182,170.6508789
519261988,0.243252241,76.16,445.706227,214.755521,97.51318149,2263.215711,1732.216384,113.60201
519262087,0.459434233,78.645,898.1150661,233.616206,152.4987021,3451.573713,4974.700866,658.737902
519262122,0.429666054,83.44,441.2179581,263.0192579,402.0415522,3188.482742,4299.255114,542.4042533
519262210,0.358575523,75.7025,329.1659141,288.9308267,171.6812297,2491.056626,2810.976482,297.1234495
519262578,0.216583738,77.2727,198.1009131,300.1509562,40.80883146,2088.338872,1419.836091,79.86251629
519263138,0.358126095,40.6,320.4656447,401.8653125,208.3747392,1546.482585,1742.530251,172.3342758
527108961,0.403395599,138.32,911.970068,199.8633775,165.1648455,3821.08007,4853.92715,551.4566796
527109106,0.491888286,43.3028,436.2363562,234.1514386,328.4845164,2429.701299,3790.082889,528.144968
527109189,0.434087755,116.1154,498.2585688,669.5187646,798.7928964,3892.451636,5302.597685,695.2492445
527110314,0.252220353,45.08,591.1176911,209.6321699,140.8507716,2417.673117,1910.005859,148.9266634
537042195,0.338967559,135.52,463.7992607,366.4232979,256.3185259,3270.954915,3483.739481,353.0042936
537042261,0.417928653,65.4696,425.8976253,381.015114,287.1181229,3589.339062,4704.910407,582.2854233
537044880,0.518025237,111.4543,912.5213475,227.5467958,281.2214104,4097.103207,6656.64428,1002.992843
537045067,0.262549757,83.44,206.3360314,767.4847501,170.4013328,2629.589585,2167.484718,161.0789923
537045148,0.402079105,75.301,245.4237283,466.8910891,427.4986657,2173.624138,2754.31872,323.4543802
537047525,0.550762976,74.1527,124.3816028,258.5223849,668.8787298,2877.011263,4975.303378,765.6649679
538906871,0.469860813,117.7462,874.697785,487.7058927,1103.50699,9017.137451,13292.31692,1911.877717
539990522,0.386976304,149.1748,536.5741308,607.0507497,540.7748935,12337.33633,14950.23499,1712.511363
541514429,0.387949639,53.2,939.8295511,184.0997413,213.1009405,3252.061213,3970.721255,473.9946421
541514449,0.396811373,108.1714,610.0586137,170.0116353,249.4057584,2949.286234,3679.55898,421.403682
541514700,0.303671795,127.5355,527.7155373,192.1573064,227.0423696,2774.422141,2651.988529,227.4103102
541532394,0.383735281,75.04,384.5880417,322.2169031,436.7819803,1657.346033,1986.024848,252.7760121
541532414,0.344911026,176.4,717.5656819,299.7279681,161.4124083,3534.958113,3784.715192,378.7210325
543101964,0.451349762,109.7502,316.1602722,167.861929,294.3694971,2493.438652,3531.281892,464.4167654
543105241,0.392699969,71.68,434.5218143,231.0138895,204.8857609,2177.320543,2672.581504,294.1729417
543105997,0.318870012,85.9494,486.2826887,202.6051663,90.06813944,2622.858974,2637.470288,225.4896633
543106390,0.477884595,108.8626,278.736112,391.3641678,443.8147737,2891.062517,4322.955966,606.8236523
543107196,0.519675119,107.24,514.5170432,391.7166035,413.2479871,3256.902762,5279.378084,807.4921048
543141063,0.496643548,42.7927,393.84663,248.7033094,438.843612,2637.83224,4127.420587,600.9912917
544723118,0.109980991,92.3717,731.2268963,319.4754701,10.78503682,3952.916984,1359.936699,38.59510062
544901765,0.410405868,109.6651,502.0497548,348.4731161,308.8080942,2871.02988,3663.400985,512.4679107
546781359,0.634047291,92.6671,566.7012202,370.1700454,1446.587725,2277.259374,4543.139073,921.5718947
546786153,0.444468035,66.92,218.1512266,233.6277428,226.6485363,2716.899768,3779.128481,496.1586289
546786319,0.37910185,66.08,543.9974724,272.2282896,268.0476677,3281.227514,3890.449891,420.0894307
549379618,0.602058945,92.96,1024.801521,508.0446757,913.9437629,9657.544889,18270.39088,3178.837876
549423670,0.418901572,143.346,633.5642795,264.8377501,248.8881836,4376.315227,5804.95736,706.0241601
549424226,0.633418293,58.1378,809.1579577,244.1754022,406.5027207,3004.021004,6028.635491,1079.406075
552579449,0.316223303,127.6657,499.3724524,331.6339038,138.7869932,5395.746078,5433.926009,543.9949046
552581071,0.543119633,142.151,879.0358665,432.315298,143.2580734,3243.91059,5534.342849,789.2501979
554337660,0.524917157,140.8148,1040.408587,203.8312557,523.7484096,2868.945862,4761.55446,699.4283167
554475122,0.436207647,47.4367,190.7772056,315.3361034,216.5114557,2413.188849,3314.500195,367.0084079
556380170,0.893204964,138.2268,468.5096744,549.6845301,1004.58963,8234.599623,25338.73932,7924.622687
556384349,0.336524788,81.3557,544.0365544,211.5948586,256.7112181,3591.753634,3793.429678,376.0062007
557344979,0.225525507,79.6846,480.584738,192.4012399,106.2060331,2657.457169,1881.596228,109.6060206
559392082,0.468948255,70,191.3346695,222.2411571,303.0341026,2081.409121,3074.710389,398.048294
559392178,0.474287532,102.1723,425.7404604,254.0195341,161.8458146,3299.22673,4917.527821,653.8173614
560631771,0.19458543,95.2,168.963688,173.5062697,203.6560388,1469.590912,897.5936608,42.15098086
561095910,0.422917468,60.7342,427.1166612,435.4419814,436.9078788,1877.189828,2547.695503,345.2156337
561096006,0.559298268,140.28,643.85217,558.9339908,1134.416791,10799.24828,19164.28408,2897.960734
562185850,0.541449479,144.2,709.3151678,450.6369908,568.1566211,10774.42948,18351.45408,2705.080356
562232730,0.435961124,156.116,614.2625364,424.0804529,276.0559138,3583.321506,4905.288283,541.9634382
563818992,0.593700364,147.8215,761.6231233,512.3305501,463.3180898,11663.07618,22194.80101,3940.481825
563819082,0.548866405,136.6137,822.482416,365.167149,280.5260007,3805.413488,6544.041642,924.6348848
566350959,0.432325597,59.92,240.263287,184.745003,250.1605252,2492.96488,3382.226416,365.5035793
569309787,0.592176065,113.0629,492.4868812,623.054046,590.7292316,7970.058798,14829.54337,2489.415261
569319081,0.408427932,30.3052,104.575495,83.6473985,180.5896638,757.3036264,971.496,97.28283738
569319306,0.421266841,105.0901,230.4672416,517.8386621,698.7051467,3036.313105,4011.846004,440.7166285
569861709,0.522876869,116.1823,688.9633414,546.0539344,336.1180174,9711.849269,16194.6832,2343.029529
570682715,0.450562077,22.68,82.83687089,159.1434086,237.5578119,696.2829984,984.4356104,109.5633722
570687314,0.447968897,106.4,252.7083841,390.7721481,425.5806422,3110.359032,4378.058593,496.3065798
571972079,0.672509829,121.3134,804.4412668,417.9604742,714.1810896,4428.04394,9406.496025,1718.871059
571972148,0.329749857,91.84,347.5281541,225.9010185,228.4742637,3008.590152,3118.718835,259.3000674
571972167,0.461969834,39.9703,267.0623281,171.8351128,551.9876379,2515.53341,3653.545269,420.5042187
572836713,0.403626114,164.0764,934.6200971,585.7769361,618.5587182,13273.28817,17015.1282,1992.483406
572836836,0.355141438,144.0522,778.2738915,470.0598207,352.9148437,11838.09903,13200.33994,1348.786013
580260716,0.640911666,69.8093,374.1007139,252.5792314,423.4249576,2920.947228,5937.905938,1054.210574
582653919,0.897421055,146.5332,716.5112234,439.2858944,802.9465735,6628.393796,19217.10996,4827.155061
582653938,0.256632667,112.644,622.5694083,423.091316,73.4462649,6772.966646,5473.273431,386.2928666
582654012,0.517491487,28.8294,335.6561524,296.0836252,470.1398771,1937.579512,3155.632621,415.2328291
584236936,0.376678102,67.228,306.7738089,216.0667142,225.8370061,2609.176212,3089.38254,289.8089652
584237322,0.472789946,43.4,117.7549922,199.4640472,359.4307892,1726.684436,2564.644886,305.1733181
584238107,0.49662525,86.7137,1218.703416,380.0353047,303.1874351,4430.425465,6917.60991,915.114938
585893370,0.623815628,84.56,584.4102769,461.9252563,822.0390843,5905.677229,11831.04352,2185.157978
585893436,0.525645814,82.0344,649.5475356,559.157469,994.6422458,4227.895266,6985.347921,973.6298547
585893455,0.483321636,47.3396,235.761978,220.8705432,419.0852087,2335.780922,3542.223176,427.9280174
587405348,0.485299938,92.1037,422.4204432,423.5983253,325.3514265,2763.765285,4217.745382,533.3139357
587405674,0.097682366,144.2,594.414268,425.3919588,15.1591457,4083.684615,1255.678316,29.37814903
591274508,0.757465596,123.3089,1297.16196,490.3371488,876.7443608,9336.919982,22232.39486,5100.360466
591275914,0.38889403,97.3297,527.4734292,332.9664736,119.2116101,1897.384959,2318.607817,234.3878148
591276000,0.27305154,56.67,132.977437,183.9749496,189.310071,2400.370532,2059.121937,138.686991
591276089,0.468909313,63.2562,684.1256972,184.5651589,329.7558374,3289.430256,4846.614203,572.2983307
591276438,0.533308236,87.5624,215.0007047,339.2528722,301.4125345,1701.436535,2847.932536,382.3239596
595952514,0.827986088,166.0871,1513.132009,573.0974619,881.8344794,6576.669799,17369.65988,4032.198871
596793018,0.519984665,79.422,371.0803541,280.3709946,472.800465,2947.952756,4812.505537,670.7856098
596793070,0.519546886,56.0498,230.9304781,183.701063,294.1116985,1469.357279,2405.435644,318.5339184
596793119,0.414180546,57.3689,198.2526714,238.9552936,132.0421088,2076.907735,2721.282027,292.2772797
596793143,0.499930973,67.6906,684.7362212,338.9371459,431.2300023,3167.439082,4966.596823,624.6282506
596799440,0.463698938,127.0895,639.3789957,246.6776379,112.5366845,1629.537385,2373.483208,284.3298394
599474489,0.554520708,104.16,514.0274414,312.1209201,296.823667,6023.814516,10703.18097,1667.911564
599474706,0.621294951,117.4544,1219.962337,458.3202027,663.2556532,7567.645496,15277.58201,3156.107441
599474744,0.783455449,99.2183,1988.717896,542.5153,353.8401902,10432.28156,25709.99533,5968.433593
599474816,0.482911468,43.12,147.4239632,174.4547201,153.2437063,1774.807337,2703.366474,340.1603952
599474866,0.354120816,75.6,273.1951601,260.7682523,130.0168568,2807.463672,3122.416047,281.7060883
599475043,0.516951732,116.718,366.2757035,362.0453594,261.9560582,2106.846178,3421.274845,465.9008876
599475378,0.207865753,77.0695,225.137447,494.0338916,27.93170848,2251.606476,1469.262194,76.13112029
601946464,0.382913952,46.0321,422.7567167,176.1496961,253.7023403,2786.764899,3355.382437,322.5333833
601947568,0.73989942,96.0338,411.3913632,252.2525691,870.5457247,3883.029533,9302.604292,2028.835243
601947643,0.633239911,146.72,1010.00911,582.678687,583.1875598,6358.618316,12858.60365,2356.09207
601947670,0.896801897,134.9334,1307.904648,519.4737131,631.7110797,5411.479317,15266.59604,3602.733465
601947752,0.517695433,69.2779,252.5387519,149.7461499,389.1428007,2328.106481,3787.111615,514.8839541
601947850,0.454347763,69.0172,318.3483333,283.0123443,254.6206166,2098.128813,2995.554853,342.9134242
601947916,0.519824028,69.764,323.8312569,363.9256351,260.7156665,2197.023664,3594.111655,501.4479539
601947998,0.381641674,116.1947,363.5933422,217.3842143,237.6611702,3879.113325,4648.842981,446.500811
603514391,0.600201333,171.1234,689.0656741,308.2636834,560.488912,6425.102646,12253.01947,2061.08553
603514410,0.575188997,98.84,715.8883451,382.1176651,241.1250722,5445.573833,9995.692287,1653.593962
603514493,0.629534152,115.565,456.167484,330.9314755,349.2522683,2189.864144,4328.930752,691.0507765
603515551,0.436407855,121.7885,616.8674832,478.9619449,362.6955679,6383.08184,8753.87784,1112.762572
603515571,0.569298141,80.6243,572.4486601,495.5029177,719.8072779,5347.110139,9562.700318,1542.849369
603515592,1.00306112,159.8668,482.4278081,884.731477,527.6321918,6075.055529,19151.51284,4986.316997
603515613,0.518321972,134.6128,497.6217975,520.9028947,541.5284974,8619.836948,14026.42104,2183.444505
605202818,0.604973183,154.7339,1001.121226,438.4037578,480.3452074,6793.33794,12917.45129,2131.907479
605218138,0.663515918,108.7733,592.1280129,382.2795941,577.877068,5323.793972,11113.04125,2023.259575
605485079,0.47729339,128.3081,1217.383912,489.802072,378.3527129,6551.922468,10049.60639,1428.100675
605541518,0.5721784,92.3807,595.6587786,230.0526326,405.388592,2863.941943,5149.385393,773.2091333
605851449,0.416769315,140.56,684.0399933,324.1380306,166.6347149,4400.481725,5762.086285,637.2901942
605857665,0.669278369,145.3046,819.5356211,349.294479,193.5585141,5182.606457,10899.69844,1920.092858
605871360,0.45140268,103.04,628.6665571,423.1938659,520.2977256,4007.956049,5728.969584,699.9176687
605872321,0.282267366,110.5591,738.3066878,653.4566679,179.8447075,6710.205558,5946.756968,424.8082936
605872798,0.52212684,177.45,596.9194422,506.3304226,426.8156098,7228.169236,11918.87943,1673.450894
606347920,0.558034793,143.276,876.5799669,382.0590205,317.8570895,4272.816259,7536.1142,1099.211408
606347962,0.517908408,114.5827,618.5906634,431.7084937,498.6663634,6975.459659,11357.13067,1571.286128
606834575,0.527740458,146.062,839.8379185,458.8406182,573.4867545,9048.551641,15331.14174,2349.278924
606834771,0.727657525,161.28,682.4748668,504.3253035,729.4801519,9306.137429,21322.54585,4499.405521
608103642,0.540706665,88.2706,203.4657123,204.0750208,639.5784816,756.8533112,1287.220699,176.7907329
609847136,0.517770076,108.3424,243.7064398,306.9549545,669.519463,3479.106659,5659.939908,740.3447504
610846749,0.554411549,31.3446,54.60783823,109.6742327,306.2375178,520.1713662,925.0795121,138.7405776
610872803,0.494569566,52.5493,594.8015946,153.3052915,152.5479101,1884.23026,2922.096549,384.4739997
610873063,0.552156082,70.8792,451.5706783,231.124643,334.2019003,2387.013266,4147.090222,587.9233194
610882094,0.599530745,113.3286,630.0439875,300.25458,153.2336175,3308.467732,6416.345145,1175.258112
610885758,0.332183383,94.3065,555.52868,314.0384948,128.2614896,3315.341024,3457.66489,296.3769117
610885878,0.276067494,108.0369,540.5843003,246.7669838,66.93624745,2993.545551,2591.644759,191.1388326
610885933,0.433362361,48.3574,578.1452667,139.7551987,169.0328899,2380.327427,3243.013794,358.2363272
610886090,0.489573081,74.9101,277.9218975,223.2414583,227.8989378,1920.574152,2948.695178,367.1763081
610886173,0.57813052,95.305,245.5594199,158.4552986,395.8752035,2062.028714,3747.570998,548.2538684
614429153,0.470796057,119.1456,128.859231,222.375095,399.0381834,2232.935023,3311.574557,391.7743753
614429598,0.854988016,144.48,833.9618182,634.0348432,572.9626178,6040.45164,17157.1497,4385.239342
614430666,0.394467273,110.8528,596.1592197,190.0143993,149.815908,2459.658293,3048.62275,308.1966866
614430795,0.618953329,114.2013,449.1973393,471.6279886,407.3484542,4116.831403,8031.050213,1356.085714
614432108,0.633833234,34.16,338.4393271,217.1872411,507.8372788,2132.069363,4253.349444,702.4033092
614432193,0.28054505,79.5245,273.7485262,213.0240774,135.1552686,2206.170822,1940.737475,142.8379167
614432344,0.521082265,66.8668,236.6843861,370.6809642,691.4822471,2660.529982,4358.429059,595.4327925
614432441,0.079868738,62.5276,183.787203,180.7483114,7.640626702,1655.417631,415.4019815,7.024579638
614432539,0.295410193,79.1991,155.4434466,292.9378508,59.86400872,1440.060261,1334.769699,97.53203417
623794609,0.262789887,71.4347,469.8644256,367.1171253,61.97369965,2846.538968,2347.950981,157.0961006
623867465,0.724083427,103.2022,367.9630856,288.1791198,509.8369069,2121.522945,4825.703365,891.2665527
623892110,0.461037781,88.004,336.6213819,347.7021697,324.5522132,2473.057812,3584.472671,422.8506252
626158141,0.488583771,72.2137,499.6793206,241.5334387,165.1100758,2317.811651,3550.815812,452.0007037
627859869,0.354359786,150.5101,262.2263373,447.3890176,328.6634058,2474.272864,2747.916482,255.4371001
637021223,0.524923648,69.783,266.2013473,185.9485686,446.3564352,2170.330527,3577.487337,480.1403754
637920210,0.324717729,85.2804,282.4456419,264.8352248,108.5146975,2632.576202,2684.481049,221.4166763
638824825,0.331576421,61.1431,407.19808,284.8778317,386.3071153,2705.650377,2817.590416,252.1278774
640104110,0.577534086,75.756,257.4358243,201.5123351,333.0254041,2433.138643,4413.059589,644.3482391
640109715,0.483152088,48.7872,229.4888528,244.4658959,262.2858038,1178.221189,1783.695633,215.2725944
643422416,0.366541288,99.1606,352.430052,531.5923001,159.8642348,3456.051645,3972.772383,381.6743567
643517283,0.570774394,69.5772,476.1507962,509.5680644,570.6413888,3416.968777,6130.743582,941.1135443
643517708,0.244224765,35.9193,311.6788447,157.6843183,103.8534816,2691.116382,2065.089936,123.7159225
644564684,0.593634336,151.1762,449.6955068,583.6979866,443.3472328,3936.49855,7324.541212,1129.575184
644933383,0.472650859,127.9023,393.715596,363.6067363,283.8659127,1884.354808,2791.920781,350.2107039
645065208,0.756433898,121.2375,449.900313,400.249879,431.9273125,3553.287028,8447.719998,1683.611965
645075254,0.466296604,62.9504,576.1622327,342.0270555,656.8594954,2839.813647,4163.336728,486.3783437
645075400,0.322756406,120.2672,254.1904019,266.3087238,189.2426768,3132.44389,3172.360385,254.5982419
645163638,0.600152626,85.3606,177.2550072,381.5714893,370.2893507,2444.546895,4613.501301,710.3546868
647493963,0.481154235,99.3879,219.0764287,218.7846053,348.2436429,1265.278775,1908.204082,229.0726251
648138988,6.67E-06,52.9315,141.2368721,178.4248905,7.67E-08,1043.080931,0.021819156,-7.58E-05
648577094,0.475674239,78.673,209.6650282,372.8108533,326.6952819,2110.531547,3154.530324,380.602619
648868079,0.522625222,48.8266,646.7191936,143.5346616,220.4972989,1978.003784,3247.528753,429.3777649
648981937,0.633854639,128.9894,725.2956316,622.7740838,635.0279159,5322.318141,10734.51077,1887.727995
648990126,0.202660047,138.4051,557.0006454,236.4178434,40.30398621,3105.842557,1978.411719,101.6280698
650175812,0.569022543,60.5803,285.8798744,216.8915659,500.0409342,1725.582043,3083.189063,445.8766037
650485582,0.461880854,93.1602,477.0018564,256.1595975,232.8998292,2830.947771,4096.826475,485.0356369
650978964,0.444951229,131.5023,719.5297707,593.5471249,240.8606273,11795.18348,16520.00861,1989.825794
651087073,0.47346581,89.857,351.0361789,292.5426985,288.4076498,2577.449007,3832.561746,459.2926168
652118194,0.302655592,91.2682,503.0553955,272.5523975,226.2485365,3070.734118,2929.809311,224.6999245
652287162,0.588698074,93.7524,496.2821393,206.8903612,222.648272,2814.219563,5195.609864,796.7559632
652303152,0.467401984,133.821,531.8312325,280.1656886,317.9659486,6725.997682,9906.609642,1218.108594
652307117,0.57379377,121.24,693.3338788,344.7759211,340.3399825,4549.692048,8362.790985,1382.389298
653148741,0.544386998,148.0968,763.6477393,421.9406811,436.3085848,6513.099156,11164.49448,1671.792844
653169619,0.440635678,71.4865,295.0406421,449.0038445,348.3475595,2551.000983,3540.508323,436.1138712
653181333,0.464718014,54.0741,240.1152958,453.439642,643.0632177,2575.021104,3764.221774,497.7041169
653181641,0.479303376,71.12,766.8628546,245.9461807,384.989922,3081.139046,4646.688459,657.7245371
653182075,0.372685,73.5966,262.7347977,340.9350501,231.174814,1848.846213,2172.43344,241.9377552
653182561,0.54549778,88.167,425.3829876,496.8994754,311.2923592,5572.47943,9599.143971,1497.140841
653326897,0.301275605,119.2361,424.7627889,255.6077895,157.6955149,4407.068293,4177.581151,319.9018671
653337413,0.32179739,42.8123,566.7958639,158.9506983,191.780212,1784.107843,1803.242991,147.1995371
656081412,0.672994035,147.2033,400.6512672,412.5507677,729.2316341,4825.550204,10416.62978,2028.54044
656154929,0.183879794,42.332,281.7115984,285.4905883,64.10297771,2479.714004,1432.163241,64.43565411
656643532,0.364054643,97.1118,208.6311846,372.936403,201.2458819,4311.971127,4930.996363,463.0392015
657210081,0.436011768,101.6128,474.2381675,301.9894667,283.9400899,3164.236771,4331.734852,482.4441158
657210204,0.317188283,76.8166,240.7725215,276.9264315,755.9871718,2336.930263,2327.35052,188.1232561
657210312,0.441771406,65.8,439.9878681,142.5444525,355.0742855,2234.387121,3107.181151,387.9482795
657210399,0.292071578,58.2484,245.1042928,274.7206985,320.5971146,2539.933681,2338.410902,178.9089704
657246943,0.454756028,50.4926,385.8575715,236.28285,373.1458356,2036.821594,2913.783381,373.6022038
657247331,0.316514808,59.36,316.6514876,263.3315992,355.4722015,3161.001832,3143.828107,264.610229
657248124,0.386222464,83.1253,114.6374259,169.6398159,131.7615133,2312.858795,2832.834538,296.0799431
657249257,0.35122367,52.1063,223.8886187,197.4009144,523.0103667,2469.037152,2723.492987,249.3215563
657266283,0.370262875,70.5303,211.8324345,313.8913277,219.8405594,2806.348922,3267.63223,309.7491999
657267317,0.4453892,65.2159,456.5750038,214.3301023,246.0482613,2387.154045,3357.946358,426.7629399
657291647,0.369006303,62.8163,196.1393307,245.1229911,494.4004519,2370.093214,2755.107588,279.5638573
657293149,0.164296865,68.8354,207.2481138,277.1280828,98.94486291,831.8563431,427.3237248,16.1366347
657294860,0.45161128,106.8948,357.2491109,391.0379848,856.9081163,3140.951956,4447.856848,598.6164199
657300324,0.265908805,40.6832,176.6197552,173.3882502,325.1961795,1488.460424,1238.090772,82.13777619
657301037,0.471252268,94.2998,331.1701798,263.4519615,338.5564618,1696.591463,2533.995315,329.2943368
657409148,0.734153454,74.9005,432.8951342,394.2593148,604.1626958,2781.20038,6486.918204,1314.881516
657409634,0.087606804,51.9604,428.5779558,208.1180434,13.47671956,1816.400915,500.1742844,9.884058715
657812337,0.506684934,78.0528,204.4623215,353.5696528,357.1582425,1823.479256,2903.500612,376.1326242
657879305,0.227626106,54.3718,172.0759409,261.4590571,55.05523612,1659.465869,1185.773462,69.1441455
657984300,0.509971076,135.7317,549.3065369,527.2658577,638.1958356,4031.137966,6448.537033,920.4071248
658232461,0.674899432,112.2581,382.668,263.5833,790.3146825,2496.498436,5296.548063,922.9089856
659054679,0.445882517,92.96,206.4624821,347.6153981,204.652533,1718.806895,2403.002281,277.5446492
659296496,0.482814108,97.1199,433.9905454,212.0705173,329.6966212,1901.104393,2881.359411,348.215062
661930435,0.372487195,136.348,278.746352,494.8207208,325.6945911,5472.333123,6414.673716,604.9371115
661930469,0.480961302,70.1901,298.5536362,483.7718388,407.0505837,4259.203306,6446.307279,795.1190904
665282332,0.692855513,172.4727,723.8347747,631.0756653,647.687677,15697.41519,35115.0861,7091.887074
666145381,0.54701647,141.8603,676.6531999,463.5855065,858.3819679,13403.50426,23353.78124,3555.745579
667294513,0.653105769,116.7141,683.9565285,474.8446205,394.4723518,2042.449814,4197.694729,771.2017451
667320242,0.471837351,112.7241,629.2791901,365.1562735,500.1325974,5211.522043,7725.805966,932.3172579
667320290,0.528983142,136.0657,609.7017685,455.4213834,395.2302626,6868.615097,11625.91038,1738.443525
667324826,0.375627178,53.7558,695.2837784,445.1927021,443.5071771,6814.008774,8088.46786,855.1750028
668702901,0.527213092,135.52,631.3585807,581.6745685,444.2474842,9995.218601,16666.21373,2355.765059
669287805,0.482866534,69.7698,442.5781662,324.4599675,609.960522,2818.027682,4289.961763,547.0466011
673116846,0.55563029,108.8601,665.802586,497.0282823,856.7965067,4701.840519,8208.537392,1321.856332
673136338,0.203413657,90.2896,415.3062322,446.5821458,69.20613616,2968.540676,1921.874681,101.0771254
673362935,0.500791826,172.8656,736.7685994,487.9726754,412.9976909,7001.423255,11103.67281,1470.613203
673427331,0.406728646,99.6856,392.7311014,253.2067279,304.4391758,3018.964591,3867.19761,438.4635051
673459567,0.411865631,140.2789,525.2830174,423.7819767,193.4336976,5909.751682,7656.87149,826.5371914
674291002,0.574009766,111.1502,825.423454,315.9435249,645.9966059,4187.593377,7555.246665,1120.339844
674408996,0.514034808,90.7223,260.2437966,386.1057761,393.7923231,3896.844748,6336.624801,927.9530768
674704047,0.763460596,131.0106,572.0529881,388.8149908,1329.16382,5125.197149,12238.50978,2848.140513
676466554,0.113016899,83.6456,691.1493333,557.3179337,26.87201739,3912.044479,1388.988078,38.49416562
679909255,0.693640856,146.8538,838.7416602,404.285197,257.0360744,4169.200292,9092.073885,1638.307299
680036168,0.614132564,148.0957,819.531566,391.393464,1997.534304,6533.385774,13173.17903,2962.024123
680043920,1.033745185,146.5753,720.005845,518.9223732,918.5513372,4006.243938,12930.56418,4322.984221
680112303,0.432529134,144.48,1277.140802,413.9881626,430.4791517,8633.666567,11781.04888,1604.350223
682298143,0.633198299,142.6205,1110.378656,609.1933112,914.1286837,9051.537457,18495.23107,3450.293797
687434349,0.534559847,83.1861,531.2757217,342.7252584,430.4282901,3074.813741,5177.891628,713.8260474
689123605,0.400395864,99.9139,1217.694976,524.5501555,180.9948131,5416.228778,6814.93329,740.7228062
689594739,0.488085748,73.4485,396.8511321,329.3541626,230.6785754,3223.394103,4940.778518,607.897094
691757016,0.783493098,92.1998,435.2467221,237.232976,581.0436398,1377.917561,3399.05559,696.2837246
694587412,0.539405791,92.5495,573.3475225,614.6935175,563.5607397,11766.71939,20048.34189,2840.990553
696537235,0.722250243,152.32,1831.43325,434.8410606,293.2357938,6737.567071,15257.67682,2971.037817
697383950,0.741807707,108.5899,532.3129247,502.7382594,552.1032075,7367.737043,17180.05435,3554.605315
698215865,0.462304282,89.3021,555.8583571,521.392489,529.3118129,6640.735677,9759.03535,1262.798669
699538239,0.644491104,109.6746,476.8217348,437.6071238,420.5725256,5805.187582,11815.69092,2111.696296
700422073,0.225075682,62.8522,246.7357359,301.4267845,80.39709317,1176.377106,832.5059922,46.07687835
702296264,0.682419747,140.7851,935.9954494,1295.286608,589.6394797,16393.38422,35156.44441,6387.536711
702516390,0.5364447,168.5527,729.5494221,670.2050476,328.8735107,12462.65252,21947.39761,3584.452999
705676705,0.561132375,121.7773,704.5313118,457.2963274,364.1007501,3447.073528,6074.084921,896.6836706
706190753,0.210590439,62.2427,377.8385301,163.32919,52.78172312,1862.719525,1228.175622,71.39420742
709264598,0.659219911,120.069,582.8918443,549.3378405,311.9812584,7587.058047,15725.5306,2946.25722
712564571,0.852312608,147.8215,711.1416717,532.9869294,757.2560067,12656.58418,33960.5692,9055.853356
712796148,0.859544727,117.0327,1086.615017,575.5330535,1224.042593,21775.3591,59086.63113,16108.16374
712844902,0.426245924,107.7692,1071.407023,514.7410678,196.3074657,9241.19017,12376.71215,1535.748582
713511748,0.675816551,121.6351,947.2915985,718.0362975,817.9695699,6290.113213,13365.53854,2414.429997
717036921,0.373555888,127.9356,601.2632231,263.8598428,229.8805725,4486.909275,5253.522363,508.7196545
718138084,0.631832395,146.7988,460.2865066,576.3565458,1087.180799,3558.331305,7045.846525,1209.57645
718251763,0.357642138,115.6736,1027.191626,589.3107875,195.2707766,16051.87078,18026.21842,1721.228798
759881461,0.501174122,78.0528,204.4623215,353.5696528,357.1582425,1841.102071,2911.392418,372.7810376
759891333,0.536154165,71.8928,508.302102,238.8388557,751.5588714,3335.865585,5625.123063,866.5041801
759899691,0.338571941,55.9552,142.921852,166.4631697,152.5778496,1357.917828,1443.988101,120.731959
759899939,0.47001862,73.0041,568.1544432,243.4769135,320.6192945,4381.726524,6514.381336,887.2630766
759904803,0.464887061,56.3931,383.2607616,327.1503827,361.1185585,2644.878298,3883.698604,512.836253
759914347,0.474587973,48.125,147.4239632,174.4547201,189.7896862,1828.44472,2734.529045,340.4518113
759943445,0.51584321,47.7456,709.7524335,201.9099853,662.8123175,2852.072949,4621.600042,618.7256282
759945387,0.481397102,99.3879,219.0764287,218.7846053,348.2436429,1264.370246,1907.156526,229.2941236
760010721,0.375703583,67.228,306.7709109,216.0552573,225.8370061,2607.623334,3077.924198,287.6700579
760239945,0.423684971,60.2975,290.2996459,327.3109023,356.2084991,2262.95357,3040.696842,377.968196
841883190,0.682419747,140.784,1465.667623,549.0270377,589.6394797,16393.37204,35156.45059,6387.544545
842845581,0.500791826,172.8656,736.7685994,487.9726754,412.9976909,7001.423255,11103.67281,1470.613203
842846561,0.561132375,121.7773,704.5313118,457.2963274,364.1007501,3447.073528,6074.084921,896.6836706