id,average_bifurcation_angle_local,average_contraction,average_fragmentation,average_parent_daughter_ratio,max_branch_order,max_euclidean_distance,max_path_distance,number_bifurcations,number_branches,number_nodes,number_stems,number_tips
491119743,82.7277811,0.864267433,20.72307692,0.96451032,6,99.77972418,126.5937902,33,73,1470,7,40
546781359,82.50668049,0.903889966,105.2777778,0.862182695,3,432.3831096,496.8319943,9,23,2011,5,14
537042261,77.53667807,0.863104126,73.66666667,0.92663293,6,373.6304442,436.9589519,21,46,3137,4,25
689123605,76.58322239,0.900537089,95.97916667,0.942049114,11,943.3825494,989.4483175,24,52,4652,4,28
657879305,72.01924982,0.873517522,47.53571429,1,5,186.218009,221.6395022,14,32,1406,4,18
689594739,76.95165342,0.88223392,55.875,0.964472632,10,334.8027763,367.7267115,24,53,2795,5,29
491120305,68.45990905,0.889766585,28.26315789,1.085193796,6,107.8975331,128.5174075,29,65,1729,7,36
702516390,62.20734224,0.901603246,71.29927007,0.938015346,14,500.5053088,577.6925748,69,144,9796,6,75
491771446,74.58754105,0.914961182,42.68539326,0.893874032,9,497.6486235,521.3530244,45,101,3959,11,56
572836836,70.22654207,0.899668797,74.11764706,0.945157505,14,540.6209634,636.6392023,68,144,10255,8,76
603515571,79.97040586,0.916528505,70.24615385,0.967693666,7,444.9765753,480.1891911,33,71,4632,5,38
595952514,68.74007573,0.886851224,78.078125,1.00103548,14,1368.981813,1493.373123,32,71,5143,7,39
644564684,79.42426958,0.873994462,69.82608696,1,5,330.2109948,374.0206229,23,50,3259,4,27
491770168,73.40215422,0.889292411,39.51851852,0.903473114,7,363.1766507,385.2444809,27,60,2187,6,33
645075400,77.79538129,0.847958944,48.27777778,0.997688558,4,201.9270557,236.4307332,27,61,2676,7,34
691757016,67.08107179,0.935039163,94.91666667,0.993376773,3,276.5375558,293.1278648,6,15,1178,3,9
679909255,87.30837483,0.79147809,106.4666667,0.945286674,10,551.041997,643.4688052,15,33,3438,3,18
759904803,62.16311815,0.930363535,59.48648649,0.858529233,5,247.7377915,254.9988212,19,43,2268,5,24
609847136,77.47414896,0.86451197,34.98809524,1,9,239.597951,275.0381984,42,93,3054,9,51
718251763,72.92909912,0.911064249,94.3125,0.948673119,11,850.9679612,944.40026,72,151,13797,7,79
491770902,80.12176495,0.89757191,43.46666667,0.845115201,14,544.1911878,651.8274301,38,80,3295,4,42
491119419,72.12020452,0.879718263,41.45,0.910252953,5,265.222262,298.7200888,20,43,1787,3,23
501276725,63.86046351,0.890067933,62.63157895,0.906252174,3,219.2270153,229.7255016,19,45,2460,7,26
491771435,82.14092482,0.919327858,41.2739726,0.861676896,11,553.1100141,599.0938665,37,85,3438,11,48
653169619,65.15828475,0.912332753,42.39583333,0.862858298,4,282.5360381,294.4218108,24,55,2150,7,31
682298143,59.35722835,0.786504577,127.0655738,0.9779589,8,770.609352,857.5579468,31,66,7772,4,35
585893455,74.58180769,0.882148093,39.13043478,0.998413493,4,134.0291643,161.6827415,23,55,2044,9,32
519262087,77.89840806,0.888712584,47.77777778,0.866074889,15,769.0107692,802.5958127,27,61,2980,7,34
601947916,76.67353357,0.828717045,54.76470588,1,6,209.695565,336.2766661,17,37,1898,3,20
610885933,69.17278649,0.909886143,39.76923077,0.98611163,10,381.3827174,410.7110646,26,54,2085,2,28
491119982,62.0214931,0.905298394,75.8,0.964713713,4,345.3908217,384.9354353,15,34,2332,4,19
492413499,67.3773858,0.887278157,73.19230769,0.830941439,5,652.2413296,685.1904354,13,33,2164,7,20
627859869,72.99032268,0.854853046,53.52631579,0.983115684,4,261.9738591,297.495808,19,41,2071,3,22
543101964,80.67993215,0.86341895,28.61971831,0.800019134,6,208.0462023,253.68823,36,74,2089,2,38
606834575,63.22086283,0.839742718,63.66972477,0.979835476,14,588.0831697,703.2368116,55,116,6988,6,61
650175812,77.73756676,0.840381719,46.16666667,0.997760914,5,212.650735,244.8420722,15,35,1476,5,20
570687314,77.98685418,0.906069002,56.13636364,0.995291363,5,209.3259397,225.6077184,22,49,2647,5,27
561096006,66.99283798,0.910980512,70.95121951,0.997621661,13,456.4788556,536.497522,62,130,8785,6,68
512328420,75.97165787,0.922705868,40.91111111,0.806499197,12,456.7641097,517.4254922,45,98,3773,8,53
491771365,69.43037737,0.911421969,44.34615385,0.890534845,7,362.070775,377.7876999,26,59,2419,7,33
492101048,68.91016017,0.890427561,42.02777778,0.855504323,5,213.423346,228.6802622,18,43,1691,7,25
541514700,82.08265964,0.868983955,40.03846154,0.836523052,16,478.8416662,513.5449851,26,58,2368,6,32
491120029,91.96790049,0.908418345,55.73684211,0.935689881,2,172.5277409,185.3939388,10,27,1425,7,17
653148741,84.07902528,0.806721248,48.51754386,0.999582096,28,670.0786889,798.4823106,57,124,5843,10,67
549424226,70.95949414,0.80524313,54.25,0.850331172,13,774.282355,830.1929063,22,52,2581,8,30
661930469,76.36295061,0.875630577,43.93902439,0.989793374,10,329.6292683,361.3230479,41,89,3675,7,48
596793119,74.62108885,0.835365283,36.04166667,0.997497067,6,149.2664224,184.6406893,24,53,1790,5,29
712844902,66.13873586,0.845687749,119.8970588,0.949217955,9,810.0153379,880.2774707,34,72,8208,4,38
610872803,73.95029377,0.894121993,40.94736842,0.983430168,7,356.7985043,387.095087,19,40,1635,2,21
605872321,81.05676864,0.820688607,115.3913043,0.985508126,4,426.0183518,456.3843983,23,54,5702,8,31
585893370,68.6817683,0.921451912,75.35820896,0.991551033,9,447.0640571,495.6270777,34,73,5089,5,39
541514449,82.55080072,0.834684822,59.35,0.825544687,10,519.2021776,550.2553632,20,46,2534,6,26
492413307,83.70409098,0.865585972,51.16071429,0.825492119,18,730.8262858,803.4391998,28,63,3142,7,35
491771105,80.00743266,0.91006991,39.72916667,0.886280043,6,295.4179749,346.5119298,24,53,1955,5,29
614432344,77.10948669,0.880536382,38.22,1,4,211.6851075,227.4829209,25,58,2317,8,33
495337183,62.71799797,0.907856251,31.16,0.912428164,6,279.9050338,291.7253236,25,56,1703,6,31
491392810,76.46344551,0.922203783,44.99,0.863489048,18,638.971852,780.0692621,50,110,4774,10,60
491770179,81.65560933,0.89210977,40.07936508,0.793115134,7,494.3950368,532.4168361,32,73,2762,9,41
680043920,81.57819382,0.802498939,67.1,1,12,475.6636915,578.4517329,20,43,3235,3,23
491458442,53.06356591,0.892006288,82.8,0.942613934,4,381.0757458,426.999699,18,43,3470,7,25
491770970,74.07818343,0.899042735,37.6,0.877853351,6,415.5427678,441.7949126,21,46,1575,4,25
599474744,73.05703877,0.794714348,137.9032258,0.921145451,15,1571.731361,1695.709022,31,67,8878,5,36
543105241,75.59484572,0.881391363,45.23684211,0.917135219,6,390.6253769,412.849153,19,46,1886,8,27
637021223,78.3280668,0.827948305,46.575,1,5,167.6434062,207.2853676,20,46,1912,6,26
614432193,80.87321505,0.863155006,46.63157895,0.994892142,4,207.5625913,218.1886441,19,45,1876,7,26
491771398,72.53896158,0.903339417,37.47619048,0.923934652,9,430.0473765,491.5021771,22,52,1791,8,30
652118194,74.79533883,0.820793426,58.07142857,0.997745324,8,425.4968792,514.7865326,21,47,2703,5,26
652287162,66.62627635,0.876567355,51.56818182,0.992473658,6,410.8957648,495.3607839,22,49,2390,5,27
492100683,70.19946744,0.902008113,41.47916667,0.906530979,5,337.6092529,338.1050894,24,53,2117,5,29
491771339,66.74473428,0.925482629,38.9,0.839476821,4,335.2224575,360.2460998,10,23,832,3,13
680112303,78.97878403,0.864197575,99.04109589,0.806598935,19,1073.063657,1129.274022,37,79,7277,5,42
557344979,63.75934668,0.877190677,35.72413793,0.909712477,6,415.9089194,429.734595,29,65,2216,7,36
537045148,55.6121403,0.907439107,49.33333333,1.0090721,6,239.2064254,285.232789,18,41,1854,5,23
554475122,72.17045468,0.884130154,39.36538462,0.997718063,5,174.4994186,202.5068209,26,57,2103,5,31
512328534,69.42431149,0.91689355,38.44444444,0.835153687,15,520.8342099,626.2192188,50,108,3890,8,58
673459567,81.09893713,0.904655321,62.03947368,0.968463459,9,400.8241096,456.3680948,38,81,4810,5,43
605485079,76.33786954,0.839332974,109.5,0.934313567,10,873.617933,955.5113585,25,55,5513,5,30
610885758,80.72655726,0.833294719,47.03703704,1,6,370.9927343,497.7100029,27,58,2839,4,31
496001039,77.01147638,0.908114127,42.06521739,0.802841258,9,352.2999736,394.4557379,23,52,2021,6,29
491120133,73.47753798,0.934981851,57.78125,0.790549897,4,377.2847673,391.70161,16,36,1897,4,20
601947998,81.11485135,0.898249896,62.23076923,1,8,319.9667313,360.7000033,26,56,3279,4,30
596793143,78.0669752,0.909987973,40.78947368,1,7,475.6965003,531.2869646,29,62,2715,4,33
653181641,81.17081007,0.907452191,61.54761905,0.827698687,6,582.5221716,609.2546924,21,44,2639,2,23
508278896,71.12554442,0.904668277,44.76785714,0.900430497,8,375.421895,413.3576896,29,64,2566,6,35
694587412,77.83550772,0.863213995,88.5826087,0.983289953,10,481.2969145,549.6752315,58,124,10335,8,66
623794609,73.69251156,0.875698377,70.67741935,0.972868273,5,343.4329512,372.0159109,16,36,2447,4,20
556380170,60.883495,0.809299383,76.29761905,0.98811702,10,389.4019725,536.3588818,43,92,6565,6,49
657300324,65.93506907,0.909231062,28.8,0.951393166,4,146.9441682,153.9828325,20,47,1281,7,27
496079611,66.53464837,0.913226041,40.359375,0.841556916,7,500.0734774,530.9462362,31,76,2811,12,44
638824825,84.2759387,0.897743711,47.7826087,0.750083295,7,224.0842568,275.4911386,23,54,2331,8,31
492100996,84.59300756,0.905888935,73.375,0.848885149,2,316.8289213,347.8361886,12,30,1820,6,18
563818992,65.55265767,0.892274925,89.15740741,0.993880011,13,590.3993533,670.6817775,55,117,9830,7,62
491253836,56.07509657,0.89998331,41.72727273,0.821937994,5,318.0406159,341.1896678,22,49,1921,5,27
495337161,68.60925102,0.897604382,36.73469388,0.8234352,7,184.0419957,211.367525,25,58,1946,8,33
601947568,73.99128226,0.745981201,65.78,0.976908632,5,247.2399119,293.5127112,25,54,3302,4,29
657409634,59.51019238,0.918368178,43.25,0.999539782,5,231.429096,239.989163,14,35,1585,7,21
647493963,84.29176624,0.839183481,47.27272727,0.973250491,4,152.4294622,195.5832689,11,25,1101,3,14
492413294,75.709701,0.889007705,33.12280702,0.962520827,5,312.7634917,335.0974474,29,64,2090,6,35
559392082,87.42222946,0.842134182,37.65957447,0.81504358,5,166.7449437,206.7183785,24,51,1814,3,27
665282332,68.7574947,0.848959079,82.81578947,0.990904068,10,501.7144251,605.0461054,76,157,12622,5,81
652307117,65.04433677,0.908455245,45.25641026,0.989886966,13,576.3168652,706.3100391,39,84,3661,6,45
560631771,85.17612263,0.864968334,33.52777778,0.855538128,4,110.8663268,131.4226553,18,40,1240,4,22
491119500,76.58204859,0.856002366,38.41758242,0.814459806,7,463.9579117,584.3836469,46,104,3784,12,58
559392178,77.88418514,0.895434922,48.83928571,0.829669342,5,289.1792924,337.1367281,28,59,2813,3,31
605851449,68.50377068,0.817891693,83.47727273,1,10,572.8450192,632.9484444,22,47,3725,3,25
496123846,69.95192941,0.905257203,40.3,0.897160181,9,494.3130939,534.8332491,35,79,3023,9,44
491771423,76.23559693,0.896847909,39.125,0.91496075,5,405.2057367,410.5016558,36,81,2988,9,45
491253825,70.58305117,0.909319435,47.85714286,0.864326942,5,267.8709699,271.4057246,14,35,1573,7,21
492413624,83.55296403,0.894034205,42.73333333,0.859745117,6,285.374658,296.1923228,15,34,1334,4,19
510985337,68.31080887,0.865620033,43.30263158,0.852728736,8,415.2676908,456.2503471,38,85,3435,9,47
492413246,71.8978328,0.865789518,46.79487179,0.848166751,6,408.4883142,423.3792216,20,44,1854,4,24
601947643,67.35628155,0.824509476,117.1666667,0.919826666,10,701.991524,887.3544587,21,47,5220,5,26
606834771,73.27527569,0.855331759,88.44318182,0.991868863,10,524.6674636,597.7728537,44,94,7888,6,50
492413664,80.81376193,0.867569581,66.15625,0.78463986,10,571.166056,668.9064684,16,42,2446,10,26
566350959,83.80242357,0.877989274,26.1875,0.990922764,6,147.2624681,165.6458745,40,86,2161,6,46
605871360,74.41924834,0.902208848,58.53061224,0.94062422,13,462.7092091,577.6402157,25,55,3201,5,30
605202818,76.68759429,0.764708559,135.8809524,0.963604572,10,728.0484216,811.7018783,21,48,5908,6,27
717036921,75.17356455,0.912412848,45.9,0.979536209,8,456.4914841,513.7135755,40,87,3799,7,47
546786153,62.98046618,0.905821125,41.98148148,0.880410725,4,143.7413063,207.2596914,27,59,2318,5,32
500961566,67.79918971,0.911508848,38.47142857,0.899777451,8,436.1823864,463.9487048,35,78,2909,8,43
527108961,79.90099064,0.825225238,47.85714286,0.948258516,17,841.5330262,918.9502844,35,75,3381,5,40
644933383,62.01302019,0.934903454,74.55,1,4,332.6652454,352.6535842,10,24,1583,4,14
571972167,75.22247121,0.906035372,30.57142857,1,5,156.4240881,189.1898553,35,76,2196,6,41
601947752,75.73042203,0.871109782,30.046875,1,5,140.815991,155.5657284,32,70,1972,6,38
544723118,80.76913088,0.899374211,46.17142857,0.911425545,9,622.6116521,689.7915175,35,77,3357,7,42
648138988,77.64521642,0.849866258,42.1,0.966332465,3,149.0805347,163.4635345,10,24,915,4,14
491771215,78.76032483,0.873222461,50.95555556,0.874081129,6,291.9789152,305.631788,45,98,4785,8,53
491796267,74.0642433,0.910577894,48.82142857,0.937394631,10,521.6463245,570.1283311,42,95,4473,11,53
601947670,71.30060431,0.845900877,99.73809524,0.930432608,8,1042.453171,1201.086801,21,48,4260,6,27
610885878,85.68723685,0.856909177,31.3375,1,10,393.5383475,442.6440736,40,82,2553,2,42
491119592,66.60596148,0.849420343,47.5,0.925949119,7,536.1864848,596.799534,34,78,3399,10,44
491459171,70.6136901,0.924610944,53.38235294,0.882944234,6,346.0032406,377.1180735,17,39,1947,5,22
712564571,66.50089014,0.827453731,92.38655462,0.994360365,12,511.8245937,599.1549239,60,127,11116,7,67
491770923,61.07753925,0.935777978,69.57692308,0.876904616,6,237.928981,245.1186909,13,31,2033,5,18
648577094,79.44187501,0.841052765,65.57692308,1,5,199.8986675,228.4857611,13,31,1851,5,18
610886090,77.55840992,0.832750811,45.76470588,1,7,188.5018836,259.9959329,17,38,1620,4,21
541532394,77.78535544,0.876413373,68.22222222,0.852120178,4,342.2171318,370.7906443,9,26,1413,8,17
656081412,69.38661757,0.850526994,47.19512195,0.990384474,7,296.215491,337.8687382,41,88,3962,6,47
697383950,84.24583472,0.810553816,79.6625,0.951285992,8,433.6790351,485.6903395,40,85,6469,5,45
645163638,83.34225468,0.92289829,35.73214286,0.995666225,6,246.1755348,250.2733315,28,62,2071,6,34
657812337,85.57217147,0.93050366,36.91666667,0.94245475,6,216.0380343,240.7109835,18,43,1550,7,25
539990522,74.78172249,0.873086228,79.29230769,0.915705941,11,363.4208664,407.9273289,65,139,10522,9,74
496001050,72.05152623,0.902934853,48.77380952,0.872537619,16,595.3453935,741.3937728,42,91,4200,7,49
605872798,75.05441645,0.916254843,66.56470588,0.998116638,8,415.9600312,527.2905576,43,93,5777,7,50
496722847,87.23146811,0.91404071,62.4,1.072646637,3,217.8239707,232.9385522,10,25,1360,5,15
563819082,81.8330579,0.882848855,81.02777778,1,9,610.8534245,699.5245423,18,41,3001,5,23
569309787,71.90182538,0.833180089,84.5875,1,9,510.3983226,613.8847423,40,88,6869,8,48
760239945,77.90082489,0.919880545,41.61363636,0.811128581,4,208.9603945,230.8496347,22,48,1934,4,26
549379618,72.27327168,0.895997665,64.16793893,0.798919461,13,865.6129873,939.7496467,66,139,8513,7,73
640104110,81.15463256,0.858422696,43.75,0.997441242,6,170.3436668,186.6779495,22,53,2116,9,31
491119484,64.04187454,0.900890173,48.75,0.959255679,4,173.4837003,197.0099161,18,42,1831,6,24
496001072,77.67994898,0.895664349,48.02777778,0.928509893,5,334.17081,347.3500299,18,42,1797,6,24
552579449,80.24206145,0.818529257,80.53703704,0.904355772,8,393.4967558,495.537185,27,59,4568,5,32
510982908,75.56922248,0.87348646,37.625,0.891321116,21,759.2864517,794.8670014,40,85,3159,5,45
667320242,88.71277396,0.917280824,102.9302326,0.996794539,4,420.9599818,480.1856581,22,50,4486,6,28
667320290,72.2296387,0.924010691,61.76086957,0.964435107,9,464.5238462,507.0232032,47,99,5727,5,52
492100896,72.38016144,0.877489218,27.75,0.887192933,6,138.6759653,163.3211938,16,37,988,5,21
496085098,71.7998598,0.918792597,43.48387097,0.913909745,9,523.4544247,597.8333784,47,104,4187,10,57
552581071,66.59188607,0.88075014,66.65853659,0.99625,8,575.6934962,638.3156175,21,46,2784,4,25
712796148,70.58248378,0.851582396,85.79017857,1,18,798.0789251,876.09542,112,231,19293,7,119
652303152,75.01418543,0.805505598,58.55882353,0.933703983,13,381.5852542,468.1944456,51,109,6023,7,58
491392868,64.94373336,0.838192452,49.41666667,0.734052461,15,851.2881254,934.7543062,30,67,3201,7,37
571972148,77.28665222,0.890614385,46.6875,0.989429394,7,208.5683224,236.2118963,24,55,2610,7,31
491120333,57.58169247,0.88017994,28.225,0.935872234,4,132.644929,152.1470333,20,44,1166,4,24
643517283,66.96092783,0.861651004,67.04545455,0.966490857,5,391.9077929,433.9945447,22,47,3008,3,25
648990126,67.10252333,0.918022393,41.32258065,0.998224564,7,403.0335808,495.0206889,31,65,2601,3,34
658232461,76.66295281,0.878630333,46.35714286,1,5,284.9527573,319.8908606,21,47,2114,5,26
596793018,82.05260748,0.888105504,53.37777778,1,6,267.0669011,296.8951422,23,51,2518,5,28
591275914,64.73059192,0.918694058,65.18181818,0.966534717,4,276.5595111,323.1190767,11,26,1627,4,15
842846561,70.54262617,0.907649634,96.82142857,1,7,466.5429357,482.972369,14,32,2946,4,18
491770330,80.24968522,0.880566928,47.95833333,0.790493805,6,193.7940628,226.6451898,12,30,1330,6,18
582653938,84.29725119,0.867349454,69.21686747,0.893952311,16,557.7767844,606.3464338,42,89,5807,5,47
596799440,85.99524205,0.873600265,46.53846154,1,6,423.2461105,482.8284416,13,30,1366,4,17
699538239,88.56568301,0.889357186,74.88709677,0.976806586,7,340.6091303,413.7920795,31,69,4924,7,38
651087073,83.63095664,0.819129789,64.47058824,0.971896567,4,199.6092816,247.1545316,17,39,2252,5,22
610873063,75.09365658,0.890893757,36.08928571,0.999285437,9,275.209523,316.8599936,28,58,2087,2,30
491120359,65.20086551,0.915368142,21.16666667,0.846701833,6,386.5877174,419.2368522,18,39,787,3,21
603515613,76.15147716,0.86933609,69.53773585,0.950609079,14,401.0285021,453.7833703,53,113,7464,7,60
491119699,78.82247024,0.885144489,41.73333333,0.863817386,6,274.9088176,299.3619442,30,67,2756,7,37
702296264,76.93920601,0.869627569,82.80722892,0.983187242,17,1279.218224,1399.214537,83,174,13862,8,91
687434349,80.65809968,0.860946853,79.6875,0.988283147,4,324.4541638,400.0341425,16,36,2615,4,20
587405348,74.60542405,0.881888291,58.21052632,0.92894493,3,294.2430582,369.1061338,19,44,2305,6,25
537047525,69.16398856,0.848266547,44.125,0.952505444,5,171.584564,218.1939522,28,59,2504,3,31
603515551,73.19492032,0.787759508,112.122449,0.924940944,7,339.7652322,463.1454881,25,56,5542,6,31
657210081,80.07043821,0.80361275,59.73913043,0.961920197,11,357.3410581,437.3922092,23,51,2801,5,28
491119269,74.26528494,0.923071832,38.43333333,0.957058435,4,253.9229614,272.9819754,15,39,1510,9,24
549423670,70.12876595,0.888216596,43.54320988,0.86048264,7,519.5439986,577.1986543,41,90,3621,8,49
541532414,80.08512749,0.864571599,57.5,0.918023857,14,637.7773448,661.1469941,25,56,2951,6,31
512328390,74.46532676,0.892346888,48.30612245,0.793682707,19,566.9138259,703.408852,49,106,4897,8,57
491770985,76.62548358,0.882061063,36.01123596,0.880787159,17,607.628497,698.5537836,45,96,3270,6,51
508279020,68.40489111,0.907876954,36.48387097,0.863328765,18,599.4633644,744.9750042,62,131,4628,7,69
648981937,62.67140007,0.888326439,83.48076923,0.992123893,9,628.6874859,696.7723046,26,56,4459,4,30
599474706,58.92365914,0.826253693,121.6538462,0.932800601,10,962.8009996,981.339968,26,58,6407,6,32
759914347,88.79174381,0.902447323,18.35365854,0.986322429,6,102.7771507,128.0292805,41,87,1557,5,46
496079599,77.51612409,0.915503166,43.62857143,0.871364606,5,194.9381675,222.0845966,18,42,1711,6,24
601946464,79.03868279,0.887830001,64.91428571,0.997808413,4,313.1066937,330.0846642,18,42,2434,6,24
605541518,83.38664465,0.858058604,34.91428571,1,9,362.8725588,435.1794895,35,72,2493,2,37
519262210,87.44296958,0.820702766,67.96428571,0.855241265,6,226.5683557,336.6383161,14,36,2170,8,22
667294513,85.04535189,0.842159139,139.75,0.93795118,4,593.9808222,638.8920782,6,14,1706,2,8
519261988,69.11278565,0.920430723,48.61111111,0.735005169,5,389.1255675,401.3793956,18,45,1948,9,27
657409148,61.91357897,0.887477357,61.24324324,0.996069536,4,286.2829417,305.185593,19,43,2343,5,24
667324826,73.18815885,0.8816853,63.16304348,0.866616848,10,521.0401143,600.5733517,46,99,5922,7,53
519262122,66.26561226,0.918059789,42.1875,0.88723778,7,353.5854979,410.1653463,32,70,2756,6,38
492413318,68.23211819,0.854840825,45.74193548,0.857063749,17,849.9618785,928.3638123,31,67,3063,5,36
713511748,85.99583599,0.88831404,138.8684211,0.944124748,4,597.0412854,686.0497888,19,42,5323,4,23
495889950,77.49839926,0.915318149,36.09259259,0.918144178,9,443.7849083,459.6156161,27,60,2038,6,33
543106390,74.5575281,0.812010319,60.26315789,0.825801555,7,294.110882,382.5235099,20,45,2337,5,25
657293149,76.62371589,0.905609123,27.04545455,0.932608635,4,162.4500577,180.3511115,11,26,695,4,15
543105997,73.41735023,0.8128811,46.25,0.719981883,13,400.5608837,465.9665513,22,50,2165,6,28
608103642,115.4320363,0.80908382,53.16666667,1,4,211.680959,319.1436274,6,13,652,1,7
599474816,88.26639734,0.906748721,18.275,0.982928619,6,102.7771507,113.5939436,40,85,1514,5,45
606347962,78.4763004,0.90862726,77.19736842,1,8,323.4206326,374.4984942,38,83,6064,7,45
643422416,75.20805398,0.85553545,69.14285714,0.957158914,4,298.1905412,350.9116081,21,47,3050,5,26
610846749,84.63779788,0.879723188,18.86363636,0.992312561,5,69.11312153,105.0670771,11,26,442,4,15
571972079,74.33401644,0.844318421,106.7058824,0.99976311,8,410.0527166,465.5304891,17,38,3716,4,21
606347920,78.86718237,0.896025952,85.88095238,0.995728196,11,671.7344035,719.5139692,21,46,3660,4,25
582654012,71.06729962,0.919113359,35.15217391,0.98214266,5,202.4499347,199.8465627,23,50,1698,4,27
657210204,84.95329922,0.91502481,48.78947368,0.919432351,4,171.9284649,204.9644458,19,45,1971,7,26
495335447,68.88804193,0.862172761,62.17045455,0.83747597,11,601.8247113,655.2702613,44,97,5567,9,53
491253895,61.68296124,0.855340759,43.72972973,0.796809985,5,330.5658838,352.8587434,19,41,1642,3,22
491119960,82.0471235,0.892181738,34.85714286,0.949429125,5,211.9201674,272.8275299,21,46,1527,4,25
653182561,60.73165387,0.872636111,64.79710145,0.903341082,6,327.2802903,370.8783966,35,78,4720,8,43
496001061,74.03883815,0.882853384,37.29545455,0.829636923,18,577.4033806,742.3987478,44,97,3492,9,53
556384349,83.31037305,0.866917271,31.53608247,0.91047339,9,377.5722388,418.244018,49,100,3083,2,51
610882094,71.66228944,0.887392275,80.52941176,0.961921771,7,367.7523698,426.1298835,17,38,2773,4,21
605857665,60.38927883,0.83108244,87.48,1,11,610.174005,717.7811136,25,53,4408,3,28
491771079,66.1176955,0.923531282,81.86111111,0.952555265,4,332.0435666,359.6161424,18,43,3174,7,25
492414382,69.92279766,0.895703852,52.89473684,0.967835963,6,355.4976245,420.9988575,19,42,2155,4,23
541514429,75.85357911,0.866558362,49.48076923,0.79038374,17,869.9023302,921.3116563,26,59,2848,7,33
569861709,73.10505154,0.905809845,80.09,0.972568506,13,569.5882079,642.5739214,50,109,8289,9,59
614430795,66.90751453,0.849354388,70.72727273,1,6,317.4097653,367.2562194,22,53,3485,9,31
659054679,80.03871635,0.859911342,60.375,1.028392792,4,210.9130093,244.5112305,12,29,1478,5,17
513556739,70.35993166,0.931875743,40.25,0.852782596,3,197.4550697,204.5229298,6,18,581,6,12
496079587,71.0207729,0.903053149,43.39473684,0.949597485,10,543.4904189,598.9361075,38,85,3493,9,47
491771275,70.99226138,0.863533985,51.26086957,0.849778796,7,420.2033021,473.3276171,23,54,2429,8,31
759943445,72.01757551,0.930489351,58.26190476,0.987559519,7,449.5365073,477.1510058,21,44,2474,2,23
656643532,77.20459062,0.845289751,39.63829787,1,9,274.0466313,316.7315235,47,102,3811,8,55
645075254,75.7632456,0.872765602,52.0625,1,6,489.5548518,574.7999935,24,52,2530,4,28
673116846,69.16973263,0.890268368,81.33333333,0.832393318,6,444.5687556,578.2994697,24,54,4114,6,30
680036168,68.499396,0.934072036,61.17241379,0.892379553,13,474.6319419,494.0043501,44,94,5370,6,50
659296496,89.37963144,0.839265201,41.18421053,1,6,379.4671224,478.5075269,19,42,1656,4,23
546786319,83.48456861,0.86219606,41.96969697,0.760284914,11,481.8272031,525.9288215,33,72,2837,6,39
591274508,67.66199372,0.902506587,77.72277228,0.942600763,14,1098.397888,1185.506498,51,110,7998,8,59
674704047,69.2311227,0.876644566,66.328125,0.951729549,7,420.265729,467.7719991,32,68,4309,4,36
495335436,68.61578759,0.889912962,54.93939394,0.828333651,7,448.1234602,476.5233183,17,41,2091,7,24
543141063,65.19546252,0.920610375,32.58064516,0.914261758,7,204.9572865,217.7211331,31,69,2320,7,38
492101093,74.3525688,0.895456997,51.5,0.856286717,7,451.6350835,506.4847222,19,44,2077,6,25
640109715,98.79422707,0.874338653,46.3,0.998800343,3,182.1846134,214.1101787,10,25,1007,5,15
511962662,72.22456946,0.879693232,43.82666667,0.866428499,10,475.3211845,550.1937413,38,82,3341,6,44
626158141,80.05941662,0.85230693,44.5,0.96866487,6,330.6504816,374.1286121,22,47,1996,3,25
645065208,89.3516976,0.771529586,72.86111111,1,8,393.7813238,503.1673543,18,42,2990,6,24
491119604,77.97984152,0.922166539,53,0.870312404,4,239.3452047,273.1741864,12,29,1334,5,17
657984300,65.54092504,0.850827105,126.8846154,0.903432699,6,431.2499293,455.0217175,13,30,3424,4,17
397905347,63.17554761,0.878773272,29.15384615,1.122362507,9,488.5149871,553.5337441,39,86,2635,8,47
582653919,67.42821325,0.881825863,75.66176471,0.970810011,9,565.339156,627.5109989,34,74,5249,6,40
653326897,80.74446967,0.820389524,55.77941176,0.998365308,10,324.7123934,383.6827568,34,76,3911,8,42
500961528,65.88950105,0.891127894,50.97222222,0.844376941,6,446.9738339,504.238311,18,43,1910,7,25
591276000,78.56967121,0.884521937,16.75423729,0.999660885,7,110.448307,130.6530036,59,126,2059,8,67
623867465,76.88002782,0.782642774,66.42307692,1,4,274.3789754,362.4192559,13,32,1803,6,19
657249257,93.45330604,0.887118068,28.25,0.941873303,5,140.5115424,157.2011286,35,77,2107,7,42
496163976,66.3484008,0.909142789,45.03508772,0.924454179,7,418.449089,442.0456554,29,68,2740,10,39
596793070,77.35606126,0.877227684,38,0.994075925,5,121.8296717,136.9046666,15,36,1231,6,21
760010721,91.55545858,0.863968157,44.80434783,0.987527493,6,188.6852231,221.4893831,23,52,2246,6,29
653337413,66.43337267,0.919545923,57.20833333,0.997671298,3,386.5381467,406.9157442,12,27,1553,3,15
657248124,72.64563952,0.841762686,25.71212121,0.860750095,5,96.71589136,113.5302795,33,73,1852,7,40
491253858,65.39671782,0.863691509,52.84615385,0.866978415,6,412.7447107,427.4771973,26,56,2776,4,30
650978964,74.52981876,0.880290509,69.90714286,1,16,519.9298897,644.2687204,70,147,9897,7,77
519263138,65.32681383,0.926470859,40.45833333,0.891683165,4,254.9948377,267.7978796,12,29,1326,5,17
759899939,71.14342773,0.882233654,39.87640449,0.83730166,9,439.8648055,519.8046524,45,99,3700,9,54
653181333,59.57039854,0.930814531,51.02941176,0.88211338,6,306.8113017,339.614956,17,42,2214,8,25
491119234,82.05188504,0.921863503,49.52,0.908839231,3,273.842989,319.4417939,13,32,1648,6,19
527109106,82.60718966,0.883840143,41.23913043,0.751605673,7,374.7902955,380.8424874,23,53,2112,7,30
700422073,71.18852128,0.910544351,56.6875,0.989489108,3,182.3965752,221.9532871,8,22,1014,6,14
491770886,73.05063111,0.912087066,44.86666667,0.905582467,4,178.8470829,186.7645438,15,35,1492,5,20
491771159,65.31934021,0.82121949,55.66666667,1.083109004,3,199.2671919,228.2074966,6,19,946,7,13
492413272,62.29388301,0.876720334,43.35294118,0.883248879,8,507.6206557,583.8819401,35,76,3004,6,41
657247331,78.31236804,0.912228629,45.60714286,0.931827048,7,208.7043616,225.4960597,28,62,2691,6,34
637920210,84.0211292,0.868646658,43.56,1.007640103,4,174.2510376,215.3558901,25,55,2237,5,30
500961547,54.34149239,0.948915206,67.27272727,1.019347875,3,251.5428894,268.2377695,11,28,1564,6,17
614429598,65.23463908,0.871300742,132.0571429,0.947751725,5,468.4573826,498.0603392,18,42,4694,6,24
537045067,80.10874679,0.91672842,50.81818182,0.822758115,6,428.0591935,516.0693724,22,46,2273,2,24
605218138,84.54487461,0.886984077,76.57142857,0.98615121,7,405.5523455,455.7073367,28,63,4536,7,35
501146906,57.38017352,0.856542024,72.1,0.99269016,7,482.6305937,515.0839046,20,47,3291,7,27
561095910,86.01727544,0.861435308,58.57692308,0.942931955,5,305.7762478,339.2727495,13,30,1617,4,17
570682715,78.72254225,0.887436449,17.64285714,0.999226615,4,102.789762,104.0770205,14,33,606,5,19
492413611,85.43040488,0.868909602,50.04255319,0.849410549,6,215.9798245,228.5360145,24,53,2550,5,29
505203923,75.58881142,0.910968087,47.17213115,0.777066732,24,677.2405672,807.0189766,61,133,6100,11,72
657294860,64.00752914,0.888560725,58.83333333,1.10620005,5,251.4988867,273.7323035,21,48,2601,6,27
491119548,64.49305605,0.882775101,45.44,0.923718669,7,514.7808904,565.7476286,50,110,4665,10,60
657210312,76.08188677,0.92993685,50.60526316,0.822252334,6,295.8837925,314.3251155,19,40,1930,2,21
759899691,84.2012699,0.855098239,24.84210526,0.99373071,5,99.21849503,125.7726377,19,47,1124,9,28
674408996,76.00074775,0.88297972,36.88372093,0.829688887,10,316.3551106,367.6327482,43,93,3308,7,50
648868079,69.58019542,0.894593443,40.14285714,1,7,390.9164975,409.1648056,21,44,1749,2,23
657266283,82.80960627,0.865497775,35.98387097,0.959168611,6,193.5749369,231.4412546,31,70,2457,8,39
841883190,76.93178809,0.869628332,82.80722892,0.983187242,17,1279.217738,1399.216195,83,174,13862,8,91
718138084,79.26647116,0.824831834,83.1875,0.951570438,3,510.5594823,610.7618812,16,39,2957,7,23
705676705,70.54262617,0.907649634,96.82142857,1,7,466.5429357,469.2465092,14,32,2946,4,18
591276089,82.12972399,0.910677663,49.89285714,1,11,415.7819362,472.4657976,28,58,2837,2,30
698215865,73.94775118,0.895322911,68.02380952,0.991245532,10,454.4604622,519.8697373,42,88,5743,4,46
491119570,69.01298421,0.909412316,59.62,0.845344853,4,325.7676956,342.9531543,25,57,3076,7,32
491771013,85.1371544,0.862580967,55.65384615,0.925910493,10,456.3953417,495.1709745,39,87,4601,9,48
496164013,86.98567554,0.92494771,44.93333333,0.732002812,4,240.0659855,260.5069306,15,34,1408,4,19
496164023,72.23802998,0.884016621,35.82258065,0.863285933,14,408.7136113,457.6927955,31,65,2251,3,34
580260716,69.66500964,0.825241,50.88636364,0.976955233,10,289.6081379,354.2808609,22,52,2463,8,30
562232730,73.24753234,0.876802205,87.875,0.979936821,4,456.1019764,518.8072122,16,37,2911,5,21
599475378,71.98652976,0.89376138,54.76470588,1,6,270.803942,338.167117,17,37,1937,3,20
653182075,71.88054438,0.887486943,31.675,0.867263653,5,218.6051738,258.6079113,20,49,1568,9,29
657267317,74.30809783,0.930777548,46.97619048,0.815091621,7,378.7346462,402.6933396,21,46,2042,4,25
496085294,73.97822096,0.908432763,44.32222222,0.835762574,16,701.8394545,861.8309309,45,99,4217,9,54
491119788,60.20670748,0.884878427,53.36666667,0.880798262,4,191.6148959,224.5371432,15,38,1877,8,23
508278879,61.09604327,0.93572954,47.33333333,0.812231492,3,226.5736354,241.1408961,9,23,1014,5,14
519262578,70.15130732,0.885604108,36.60416667,0.742747737,5,168.6650286,188.8327518,24,51,1784,3,27
603514410,65.8579009,0.912524195,87.17307692,0.991600111,10,518.1184742,556.5110026,27,60,4615,6,33
491392879,70.54814593,0.885523655,44.93333333,0.853641625,9,389.1565387,473.0819714,30,70,2830,10,40
537044880,74.44301831,0.864468013,44.33333333,0.956251512,15,829.0443069,910.8635786,39,82,3501,4,43
668702901,72.60411027,0.850560775,75.13392857,0.96670886,11,496.7797154,592.979223,56,119,8496,7,63
696537235,80.59228182,0.823769056,113.9375,0.996213216,11,1623.575309,1743.108545,24,52,5508,4,28
614432441,78.97709565,0.840310365,33.5,0.991299556,6,156.8866983,237.975162,20,44,1414,4,24
543107196,80.43953193,0.879795309,56.25,0.824379392,12,440.8850918,507.4133458,24,54,2744,6,30
676466554,78.63850699,0.88930539,133.9583333,1,5,456.1346027,476.0253287,12,29,3407,5,17
657246943,57.28795677,0.88208635,53.07142857,0.8647157,4,221.9703878,268.2165199,14,34,1745,6,20
587405674,85.20831452,0.789621078,128,0.966091916,4,350.4062554,449.7182003,13,33,3465,7,20
650485582,76.90358622,0.877449059,40.84482759,1,7,287.1197241,321.714308,29,60,2421,2,31
674291002,80.80590801,0.871765859,101.1388889,0.972278692,4,462.9777671,523.7751575,18,40,3699,4,22
495334938,71.2610683,0.886591302,59.08571429,0.8673878,9,710.5330667,821.4627837,36,78,4198,6,42
554337660,80.53004336,0.89762635,77.32142857,1,7,891.2930915,1000.77595,14,33,2331,5,19
585893436,79.22836468,0.910132595,75.84090909,0.998436295,5,370.7338559,409.4826606,22,49,3658,5,27
584236936,94.6368349,0.857368577,45.30434783,0.988325445,6,188.6852231,223.0088967,23,52,2272,6,29
512328248,71.14320179,0.88223364,39.87640449,0.837289176,9,439.8648055,519.80466,45,99,3700,9,54
544901765,70.69754336,0.882689164,56.075,0.846822581,7,470.7882843,506.3819052,20,46,2377,6,26
591276438,75.80384663,0.824088807,47.54166667,0.987055774,4,230.6527694,295.7883387,12,31,1416,7,19
599474489,69.36464698,0.887581485,51.81632653,0.936444949,12,417.5565292,483.674881,50,107,5140,7,57
492413372,66.47262289,0.911625158,52.03846154,0.818100414,10,598.6750935,662.0745835,27,63,2988,9,36
538906871,67.9985238,0.917771702,51.1369863,0.898237136,19,610.1218913,658.8673153,73,156,7760,10,83
657291647,68.47428725,0.868695059,36.80769231,0.89881164,5,143.0903218,159.3285527,26,60,2019,8,34
666145381,69.86565068,0.889500864,73.96710526,0.959800597,14,475.1618959,541.5242612,77,165,11382,11,88
599475043,80.67352477,0.831221157,52.23076923,0.975935459,8,312.5848332,657.8464111,13,33,1770,7,20
510989742,76.50382789,0.906893441,51.5,0.91028148,12,605.4470188,654.7511356,26,60,2842,8,34
506798042,70.28600087,0.895460819,41.18421053,0.905215225,10,300.9472308,357.8578787,38,84,3355,8,46
673136338,67.98812673,0.823951189,73.61764706,0.968018893,4,291.1136443,336.9404054,17,39,2550,5,22
496085272,65.82996332,0.920733957,52.87037037,0.851865669,6,438.6843072,484.7626,27,62,2942,8,35
569319081,78.91166733,0.857029281,15.8974359,0.986002571,5,63.02075206,76.57351373,20,44,662,4,24
603515592,81.65473194,0.715295373,145.7941176,1,6,516.7025746,663.2815655,17,38,5056,4,21
610886173,87.79848207,0.826268002,47.375,0.989579961,4,149.468785,229.1855675,16,38,1728,6,22
491119721,66.65896415,0.911324709,68,0.822025684,3,300.5333673,342.9396029,10,25,1502,5,15
496079434,70.96982764,0.917775538,52.21428571,0.975878025,4,228.8431009,258.9426383,14,33,1498,5,19
569319306,73.39433074,0.826781002,63.17647059,0.999925127,4,283.7431237,334.4751661,17,41,2580,7,24
584238107,80.64956286,0.853703779,114,0.781254148,11,1020.096216,1093.607452,17,38,3816,4,21
673427331,80.62101969,0.877508716,54.05555556,0.878034304,6,377.8440648,390.7986549,27,58,2943,4,31
572836713,71.11739555,0.905758901,82.88059701,0.957894288,17,676.9147598,782.9931877,67,140,11188,6,73
709264598,84.95120314,0.859646144,71.02272727,0.979625191,12,462.7241797,548.1669307,44,95,6350,7,51
614429153,83.84915329,0.778596346,36.875,0.996097892,7,146.9043959,188.8283741,24,53,1806,5,29
505203905,70.22379428,0.921478998,40.86,0.8002528,8,405.5135819,440.6050554,25,61,2366,11,36
673362935,65.80062865,0.92374474,61.34736842,1.001119792,7,574.4283574,681.8801467,48,101,5874,5,53
601947850,79.91301787,0.904118573,50,1,3,188.8093473,211.2981766,17,40,1793,6,23
496085113,66.44212728,0.91209238,60.39285714,0.908120207,3,261.8597391,290.8518941,14,34,1850,6,20
759945387,80.64215434,0.837715346,51.95,1,4,152.4294622,195.5832689,10,23,1100,3,13
491770543,66.32448226,0.846586103,50.61363636,0.831823982,5,212.5197428,246.2830767,22,50,2298,6,28
603514391,69.33139234,0.895924797,110.7755102,0.9956224,5,465.9743396,600.2868319,25,54,5465,4,29
614432539,72.59934871,0.851582736,34.76470588,0.997216076,7,194.7324115,288.1835743,17,36,1197,2,19
759881461,83.59568564,0.927919806,37,0.94136662,6,216.0380343,239.3226895,18,43,1548,7,25
603514493,93.92073259,0.74917546,179,0.988675497,2,432.4531533,536.5481607,4,12,1864,4,8
599474866,75.88274659,0.802152531,58.775,1,4,170.7048502,207.4949339,20,45,2413,5,25
614432108,85.75145288,0.899746018,44.92105263,0.99068515,5,215.8362379,233.582263,19,45,1856,7,26
492101025,68.27418263,0.898188071,50.83333333,0.862634741,4,199.0755962,204.8799006,12,29,1308,5,17
759891333,64.96774768,0.913062998,62.45454545,0.915744345,4,311.8939433,364.7362695,22,51,2828,7,29
614430666,72.67150953,0.860790208,39.98,0.999492386,8,386.6623164,429.2955416,25,53,2120,3,28
491253869,54.55864198,0.913898716,40.59574468,0.957759696,9,360.2628077,389.5152745,24,53,1964,5,29
491392799,81.82535074,0.928277615,40.67346939,0.743717512,7,386.6805425,396.95778,25,57,2098,7,32
842845581,65.80062865,0.92374474,61.34736842,1.001119792,7,574.4283574,681.8801467,48,101,5874,5,53
510979132,71.19245928,0.887334547,36.82051282,0.848071199,24,606.2060965,746.9017889,79,165,5842,7,86
527109189,80.30619583,0.860832092,93.61111111,0.88243837,8,394.185015,464.5030251,18,39,3413,3,21
491119617,61.94071972,0.886638535,49.58333333,1.011295119,4,172.5778095,195.9584127,12,28,1229,4,16
657301037,73.40683472,0.885431022,55.75,0.849701345,5,183.2507536,217.333733,12,28,1402,4,16
491119581,70.76556125,0.882288411,25.32608696,0.921465006,5,103.0440806,125.7542597,23,51,1258,5,28
527110314,68.16939296,0.898794883,37.44444444,0.841836243,8,517.7998961,541.0402385,27,63,2118,9,36
492413283,67.67662275,0.901963426,62.40909091,0.806405615,9,693.8939122,758.3121521,22,52,3094,8,30
706190753,91.40259597,0.775104436,46.5,1.049102045,6,285.374658,322.7207331,15,34,1454,4,19
657210399,70.45381667,0.911180198,42.11363636,0.94365037,4,182.756118,221.1781051,22,52,2198,8,30
514342400,81.75450893,0.890843419,55.37931034,0.803245657,5,238.9558048,272.2457979,15,36,1820,6,21
584237322,83.87581257,0.87322043,19.72222222,0.978081095,6,102.563929,107.9448044,36,79,1488,7,43
491119394,61.23317073,0.897205406,39.59090909,0.95465852,5,292.1133261,299.153904,11,31,1456,9,20
500961607,78.84114967,0.901911148,36.98039216,0.820847194,22,652.8895614,747.5892752,51,111,3993,9,60
623892110,81.70156313,0.896316944,39.36538462,0.996866049,5,244.7546112,261.1935874,26,57,2097,5,31
537042195,66.53723588,0.876285288,75.25,0.622167029,4,368.6784729,451.8313591,12,32,2839,8,20
562185850,73.81853653,0.880658321,71.59375,0.974680569,16,528.3080154,658.6197211,64,137,9394,9,73
656154929,86.33844025,0.774080005,45.84444444,0.996968716,5,204.0484759,311.0930536,23,52,2150,6,29
643517708,80.04832965,0.906579359,30.11842105,0.998005793,5,157.5888883,169.4857457,38,82,2389,6,44
608105841,66.50232133,0.816475085,52.97222222,1,6,238.712078,296.5328609,18,38,1983,2,20
652836478,65.08934844,0.894003893,42.75,0.993123163,19,634.8876093,824.4012739,48,102,4202,6,54
669918567,84.15859099,0.884772618,150.4230769,0.939106247,5,654.2251047,747.3241182,13,28,3930,2,15
485996843,86.34966756,0.656120914,52.41666667,0.950501835,15,650.6374305,957.7109301,30,67,3271,7,37
610882075,79.45959432,0.817674204,49.66666667,1,5,262.3365898,307.5377005,33,74,3449,8,41
491119754,69.96137959,0.905474971,45.1875,0.858488954,4,337.4819917,348.4622444,16,36,1509,4,20
610885831,82.06112258,0.879501847,53.275,0.988890238,8,330.3260362,375.1889615,20,42,2226,2,22
596792557,73.82058956,0.925519767,87.75,0.998857767,10,892.967687,923.8254009,16,37,3177,5,21
673700971,82.83091446,0.79214701,68,0.993136894,8,356.7525921,474.7453468,34,76,4787,8,42
605871878,86.48794645,0.81655287,111.6666667,0.730172283,3,319.4659745,464.6785613,3,12,1680,6,9
486041253,71.91135305,0.867121725,73.82142857,0.816243167,5,477.4405999,569.9749196,14,32,2151,4,18
563181391,71.24753543,0.894045763,253.7,0.99927431,3,497.3561892,564.8973587,5,16,3082,6,11
491771181,52.67213672,0.779376277,51.2826087,0.879756117,10,436.1560253,531.1096089,23,51,2416,5,28
508278663,79.27520203,0.861429957,54.2,0.753182935,15,756.5236872,786.5367009,30,64,3307,4,34
537041922,72.75638462,0.890543792,41.26315789,0.883401986,10,206.3789285,301.1770417,38,86,3306,10,48
537042147,79.85630619,0.918584897,41.66666667,0.814541348,21,675.3179284,847.2052466,55,118,4672,8,63
656999337,78.8401027,0.88401609,54.95,0.998833737,3,209.4163011,261.2742065,20,47,2299,7,27
491253814,64.53924828,0.899150644,55.4,0.858566897,5,442.792733,459.2455915,23,51,2523,5,28
496123885,79.29751723,0.88780638,59.61538462,0.878017636,2,219.4839285,255.2663092,7,20,952,6,13
665276721,89.14403591,0.782798878,141.25,0.989964751,3,279.2484066,376.037549,10,24,2853,4,14
546786289,81.77374718,0.802906304,43.04347826,0.82765557,6,187.5344478,241.8048386,23,51,2023,5,28
652751604,73.5405363,0.861383995,44.20491803,0.97216388,18,594.759881,736.6823292,61,128,5536,6,67
591275762,71.27231288,0.898317575,53.375,0.997424103,6,307.7724431,350.6680729,24,55,2758,7,31
496123870,60.39735573,0.89957128,56.55882353,0.777205137,5,458.9412665,494.8105346,17,41,2104,7,24
571972129,76.53906316,0.845590288,78.97619048,0.931775238,10,491.9479667,564.6734237,42,91,6699,7,49
491458275,70.76739826,0.869973899,60.36111111,0.800150307,5,380.0955659,487.576018,18,44,2514,8,26
491770152,82.27645978,0.911586975,44.19444444,0.936520434,6,411.1746145,453.9555058,18,41,1698,5,23
556380210,69.11464803,0.893098483,59.51020408,0.801406918,6,271.3276078,285.7486692,25,53,2955,3,28
650040988,85.35485342,0.849349704,54.16666667,1,5,188.121805,254.5841253,15,35,1847,5,20
596799462,75.56991736,0.896739201,77.90909091,0.998814887,5,319.1018034,352.0342663,22,46,3435,2,24
647838092,85.3677606,0.766131821,70.12820513,1,5,279.7005208,321.5423835,39,85,5649,7,46
491771001,70.43641655,0.882778177,47.20833333,0.969162776,9,447.1142698,477.8151503,24,56,2556,8,32
722014861,78.10264684,0.884662604,72.95238095,0.97674775,10,437.0406438,506.6675625,42,92,6456,8,50
491458287,68.3293487,0.90679707,42.62745098,0.857036963,7,451.5693893,513.2155672,26,62,2468,10,36
514342445,77.39522877,0.924388862,39.87755102,0.891088586,4,327.2901335,328.3085739,25,56,2035,6,31
491771290,78.6564524,0.894350309,92.38095238,0.902256285,4,328.1575268,380.2284456,21,49,4069,7,28
650039094,77.07438128,0.841385724,31.20481928,0.989704387,7,120.2457006,143.4181178,42,89,2622,5,47
623439672,88.17477252,0.924933769,56.94736842,0.94681155,6,238.439885,253.444676,19,41,2173,3,22
591274394,68.83245421,0.908230682,101.975,0.999010962,13,1032.01687,1104.418199,20,46,4474,6,26
759947382,76.57597662,0.854893158,16.72972973,0.998985054,5,63.02075206,76.57357775,19,42,661,4,23
538906745,69.62982793,0.851035131,76.55,0.884580501,9,548.3784645,646.9371495,50,106,7792,6,56
695330591,99.88815174,0.891355024,86,1,5,379.9533673,405.4408025,20,43,3481,3,23
491771124,77.25495619,0.874844289,41.25,0.844141576,5,256.4063635,299.336267,16,38,1572,6,22
491771354,76.05512265,0.907801137,38.96923077,0.85704406,9,479.4555317,504.7749115,33,76,2740,10,43
510988665,74.27958587,0.884253793,46.77083333,0.908744483,6,431.2275838,484.6189259,24,54,2329,6,30
491119938,84.64654999,0.826313947,85.03125,0.910082844,4,279.5982314,326.9347997,16,35,2737,3,19
651752277,73.72533397,0.836350238,51.25581395,0.959909287,10,425.5604009,543.8692038,43,96,4630,10,53
508279002,65.61951874,0.892852973,65.14705882,0.838008171,8,333.9415185,405.331604,17,39,2272,5,22
496001094,83.32246044,0.904450919,37.98850575,0.819209854,16,631.9141304,721.9727587,43,95,3505,7,51
570679763,67.05634336,0.899223316,65.61111111,0.912500145,18,478.8277314,717.4634585,37,79,4831,5,42
673429655,64.84159658,0.939655223,44.40909091,0.907289739,9,481.9450875,521.7694348,22,52,2097,8,30
652309510,80.06464042,0.877788988,48.85483871,0.94498837,10,615.1974306,672.315303,31,68,3112,6,37
657253247,69.65125621,0.910642926,31.34328358,0.882168959,4,156.9155896,162.7161147,34,77,2222,9,43
587405549,84.05651964,0.827863848,52.28,0.99504492,7,308.6433381,337.5480755,25,55,2907,5,30
652075435,75.6507339,0.855317139,50.86764706,0.988370226,17,907.7210142,984.5424207,34,76,3745,8,42
603514429,84.6018576,0.90140483,114.1,0.974897475,6,471.5330861,515.7042693,15,36,3644,6,21
496079506,59.31082138,0.926514412,44.45,0.977299525,5,257.7505955,289.1249722,20,45,1878,5,25
667320476,62.62213099,0.869740547,81.325,0.991724704,10,496.5912798,526.5292312,40,86,6561,6,46
491119949,91.95692293,0.901796381,52.73529412,0.944585921,4,201.9899062,215.3003451,17,41,1857,7,24
667320267,74.81095346,0.902714481,90.81176471,0.976552189,10,575.5542448,619.8750654,43,95,8005,9,52
570682084,82.17307457,0.914005703,34.21428571,0.998988712,5,146.9451395,159.7216346,28,63,2011,7,35
587407335,76.39507991,0.918767798,22.81967213,0.998633438,7,122.7596464,131.3979746,61,130,2848,8,69
491771193,74.50828303,0.87522035,39.20454545,0.872868682,19,586.8934365,703.4879361,66,145,5516,13,79
569314921,70.89695263,0.891653058,48.76470588,0.997646145,3,152.3471971,182.048665,17,40,1762,6,23
495335480,75.82602329,0.888878195,53.88461538,0.735490074,4,164.3193025,194.24493,13,33,1465,7,20
694328860,76.7928437,0.816044512,71.81707317,0.978339136,8,436.1196832,533.3638166,41,87,5942,5,46
505206420,69.98942492,0.934954812,40.55294118,0.825408453,12,485.2330938,517.4088392,43,97,3675,11,54
557649847,72.11526261,0.90465726,66.61764706,1.009450557,5,424.2910109,484.7807253,17,38,2366,4,21
679883747,65.28693943,0.854093056,109.5714286,0.881434847,19,1267.11269,1324.851809,43,90,9235,4,47
527110368,69.96585841,0.880965527,70.29411765,0.841021968,9,356.0448512,444.4379144,17,37,2545,3,20
652076625,77.48853559,0.885512079,48.92647059,0.995909923,7,482.4913503,540.5095362,34,75,3418,7,41
596792784,73.29835145,0.886176258,42.78,1,7,203.2666266,215.4766343,25,56,2357,6,31
667320337,69.55618211,0.880341852,87.73469388,0.979105408,10,591.6332479,645.9912303,49,103,8635,5,54
491119181,72.17728704,0.897780406,42.26666667,0.822613595,4,212.4480823,249.5214709,16,35,1292,3,19
491120344,94.07903614,0.889788927,27.66666667,0.965117742,4,155.95979,181.1804961,12,28,756,4,16
653182186,85.15902108,0.920437191,59.75,0.834130499,5,261.9679876,283.0740789,16,40,2210,8,24
610885676,69.27271593,0.869331383,45.07407407,0.969310165,8,356.2338443,422.0593851,27,57,2793,3,30
657298379,64.31647566,0.928768405,48.6097561,0.768523616,4,214.4663218,221.2560843,21,48,2058,6,27
519261845,68.98901828,0.884500535,61.53947368,0.881200132,10,434.0243733,567.2709056,38,81,4706,5,43
614430437,72.01651536,0.93048924,58.26190476,0.987565769,7,449.5365073,477.1510012,21,44,2474,2,23
554475023,77.99072172,0.830168099,53.13461538,0.818758874,14,713.4074,779.7466034,26,58,2827,6,32
491120251,80.66546189,0.894302331,48.97727273,0.905662335,5,202.3248506,221.5856491,22,50,2192,6,28
596792650,73.92653666,0.896227086,62.2826087,0.993926881,4,226.7227662,271.6204492,23,53,3011,7,30
636787957,76.66728371,0.888544424,46.51315789,0.993785192,10,360.0332847,401.8773179,38,78,3546,2,40
500912289,69.04480347,0.914691014,52.70731707,0.900596011,5,251.1913225,269.4257026,21,47,2235,5,26
580260086,89.58455314,0.822777504,41.30555556,0.978299672,6,198.9174416,257.733317,18,40,1514,4,22
614444566,69.49450051,0.902315551,43.21428571,0.992678665,9,453.5506677,514.133413,28,58,2572,2,30
604147043,68.76686056,0.848379573,92.71428571,1,3,266.485184,306.8306652,14,34,2949,6,20
596792857,72.44107166,0.917178186,57,0.986772487,6,254.7967411,278.805688,21,49,2682,7,28
491253802,61.21947703,0.896614332,43.03125,0.778262403,5,338.1586605,352.7503415,34,75,2826,7,41
500961658,72.04250045,0.903507822,50.75,0.920750929,4,239.3538444,262.7557369,16,39,1923,7,23
759924399,61.77908978,0.907519048,46.02272727,0.840604156,3,282.5360381,293.197099,22,51,2139,7,29
673280893,82.76505222,0.868106377,45.01923077,0.794700851,11,476.9271456,504.56346,26,59,2425,7,33
649667451,82.79950507,0.835399224,115.1388889,1,5,472.9040291,487.6102778,18,40,4172,4,22
491119688,68.20331284,0.894277602,40.95,1.010486091,3,169.6728754,184.3159657,10,25,888,5,15
580260666,80.87923555,0.891590657,60.0952381,1,5,276.3806934,301.0908476,21,48,2691,6,27
546778702,65.28524833,0.872062132,67.13043478,0.80981843,5,472.5553004,513.4865331,23,51,3207,5,28
492413642,52.53103601,0.893031847,40.92857143,0.924946831,8,264.3141656,341.7419808,35,75,2924,5,40
491119305,61.27907046,0.923524947,39.75,0.885349821,4,238.2618622,243.8728591,12,26,999,2,14
501934125,62.16295894,0.930363523,59.48648649,0.858555217,5,247.7377915,254.9988212,19,43,2268,5,24
527108048,72.41600719,0.909262663,40.37121212,0.906501169,28,650.700018,773.6809753,66,144,5623,12,78
491119916,79.62836294,0.927180077,48.16129032,0.847890597,3,191.6487476,210.4009673,16,39,1595,7,23
505203940,73.3280441,0.872942581,50.94827586,0.862721902,9,586.1073521,653.8914877,29,64,3042,6,35
759940062,79.61183968,0.870531818,41.575,0.99377711,5,201.637529,242.1330873,20,47,1773,7,27
596793095,74.52476865,0.870385581,45.51282051,0.96599349,9,340.2770064,355.981648,39,81,3649,3,42
648087868,81.7571496,0.780848026,58.75,1.017001748,4,165.4375967,199.6665233,10,27,1446,7,17
491771068,70.47431151,0.878749982,36.43037975,0.928439278,7,374.3452388,404.5694613,40,88,2983,8,48
661928451,66.92082701,0.881546271,49.825,0.878540622,6,342.3650153,367.0916603,20,47,2105,7,27
639670635,71.09690399,0.911645495,45.63636364,1,6,324.5695943,336.6525215,33,69,3167,3,36
636989642,87.53104475,0.852334428,42.73333333,0.99716323,6,175.1572967,199.7512306,23,53,2195,7,30
708729829,85.57017395,0.828990037,67.25,0.915229143,15,764.1945667,827.2473239,20,46,2824,6,26
491392956,84.06400803,0.889290117,54.60714286,0.747879062,6,322.035803,357.7794791,14,36,1875,8,22
510987644,67.53437191,0.898305237,52.58441558,0.837077903,11,598.4049438,674.0837423,39,86,4193,8,47
669498058,79.23636511,0.903954765,62.11764706,0.900112882,3,271.4534145,302.4415847,17,40,2171,6,23
668978900,56.76967174,0.88276788,90.45517241,0.947422281,15,891.1250061,957.4396566,73,153,13215,7,80
605485782,83.50837435,0.841610674,92.86363636,0.958234786,3,288.9504,381.193194,11,28,2080,6,17
513557613,71.85836448,0.935480355,41.58695652,0.823549481,6,244.5350004,293.1244199,23,50,2013,4,27
759946058,77.16360309,0.904747525,42.69047619,0.8346512,8,581.3883548,637.8306476,42,86,3599,2,44
595950371,63.54482002,0.866410603,113.6785714,0.889893142,11,891.448151,939.700262,28,61,6701,5,33
759901368,77.98685418,0.907266106,57.63636364,0.997127911,5,209.3259397,225.6077184,22,49,2713,5,27
638976782,76.36778329,0.829815037,61.84615385,1,5,195.798163,225.9279745,13,32,1835,6,19
553511048,76.49213092,0.882351148,49.85714286,0.895799458,7,629.7145143,686.7444007,21,53,2615,11,32
491459182,78.02251504,0.906501645,45.14583333,0.808712414,7,502.1346254,576.1998081,24,58,2333,10,34
546786071,65.64252218,0.931962511,55.125,0.799227219,4,301.899745,335.3623981,12,28,1531,4,16
603514449,79.43191585,0.933345425,66.72727273,0.970709872,6,360.9195431,390.249658,11,25,1728,3,14
661929017,66.54246549,0.866290082,48.82857143,0.82338211,9,298.6784276,350.9724082,35,79,3539,9,44
668616935,70.26861606,0.900393421,83.37323944,0.992228995,10,480.0894456,547.775747,71,150,11945,8,79
492100832,80.52368505,0.898072208,49.78947368,0.880861089,5,301.959662,331.4568455,19,45,2053,7,26
596799483,69.73112269,0.879478253,24.63636364,0.988412844,4,132.675053,143.2044763,11,29,679,7,18
566350592,72.49523458,0.914846489,71.06034483,0.99920227,11,1001.146857,1064.543435,59,123,8329,5,64
647493842,74.50522846,0.877022568,55.40740741,0.99786245,5,257.5360836,285.6082484,27,61,3163,7,34
601947803,64.54621616,0.840494255,40.88636364,0.974667261,6,232.1990664,261.6232852,22,50,1896,6,28
495334973,79.57692029,0.897259886,43.51219512,0.871803099,6,324.0851958,336.3877624,21,46,1853,4,25
491770140,66.73120876,0.873577126,43.42105263,0.89696549,9,420.5964083,479.7496388,19,46,1839,8,27
491770945,58.43806565,0.911795717,50.17307692,0.897730898,8,471.0432059,501.8986764,26,61,2780,9,35
671465753,80.19847501,0.903791635,110.9411765,1,14,920.2782934,956.1908042,34,75,7732,7,41
508278755,68.69213119,0.905685843,40.63333333,0.81794959,9,368.9982979,473.1242908,30,67,2520,7,37
667327857,77.92567379,0.872142351,71.55172414,0.979365964,7,300.8253213,360.710209,15,37,2275,7,22
680980293,79.89414986,0.886943552,20.4,1,4,89.69424536,89.9286069,5,12,221,2,7
842851116,63.26619106,0.9284431,69.94827586,1,12,1115.21477,1156.227915,58,125,8271,9,67
614431110,82.13880619,0.850693637,49.975,1,5,168.0159233,190.2140766,20,45,2101,5,25
514342418,77.19699243,0.916062037,52.30909091,0.966747582,6,475.7013637,533.9052162,28,64,3129,8,36
580260152,77.89946466,0.867071065,90.86363636,1,3,376.6786552,415.5873852,11,26,2045,4,15
673133251,74.20946544,0.848370043,102.3846154,0.687654803,4,476.4574906,564.5586911,13,31,2764,5,18
639341665,74.27452064,0.855662119,54.26190476,1,5,226.6937231,252.8310452,21,47,2330,5,26
656701163,85.42258782,0.866630231,64.47058824,1,5,418.460026,473.6617506,17,38,2321,4,21
491771204,63.03938554,0.915318561,56.75,0.91893169,4,232.7196433,250.5732627,10,25,1324,5,15
546790847,72.24708728,0.861408468,117.3461538,0.890827566,9,1280.539902,1381.91424,26,57,6194,5,31
508278915,65.80868095,0.891298565,72.91666667,0.831093443,5,252.5857836,285.6062807,18,41,2704,5,23
657256518,77.98043927,0.919570951,41.70454545,0.817027387,4,208.9603945,230.8796375,22,48,1938,4,26
492100936,74.30702144,0.878967405,43.78378378,0.890091416,10,515.6389763,592.9954437,37,84,3428,10,47
674389884,89.14620333,0.887222851,44.36170213,0.876991686,6,431.3752421,475.409243,24,57,2417,9,33
491771227,70.80544707,0.859338382,68.5,0.888000677,4,411.3973446,518.9255061,15,34,2249,4,19
580260009,63.29981593,0.8607774,52.08333333,0.995482268,5,411.5954387,479.0110899,18,38,1990,2,20
605485535,71.57071486,0.860006113,65.96153846,1,7,294.7033872,362.277436,13,30,1923,4,17
671531778,85.34623007,0.856418827,53.09615385,0.999197362,5,271.8686377,347.7848834,26,59,2891,7,33
496001083,73.94668944,0.900488147,42.81578947,0.873413591,4,396.7191196,432.4359142,19,44,1698,6,25
491119894,69.51986509,0.911707887,54.85294118,0.899862296,4,292.7226624,323.4542312,17,39,1981,5,22
680002212,74.33609062,0.886793242,87.95555556,0.929800681,17,1093.292766,1179.181938,47,99,8030,5,52
519262717,68.21351716,0.85158849,52.92592593,0.787984449,8,418.285771,489.0951978,27,62,3223,8,35
681603066,80.29151877,0.893655718,79.35135135,0.917694795,16,1079.564411,1134.384841,37,79,5968,5,42
694168884,79.24243881,0.846851018,134.2826087,0.974079177,4,481.6266463,533.5612075,23,51,6220,5,28
647469819,77.49635087,0.819877664,52.01612903,0.998804827,10,496.7639133,590.6533362,31,72,3545,10,41
714448219,84.72086061,0.904052213,83.74,0.983308872,7,498.2841999,521.717196,25,56,4274,6,31
608104611,75.23950594,0.683044976,37.42105263,1,6,168.2661851,252.7973271,19,42,1489,4,23
661929037,67.81830931,0.876736954,43.25842697,0.868653762,10,284.1979177,315.6257924,45,103,4142,13,58
760004770,70.67021244,0.917230474,36.72727273,0.996631785,5,202.4499347,199.8465627,22,48,1697,4,26
580260267,73.16285139,0.877026061,42.4893617,0.998824603,5,234.5687521,302.0097064,24,55,2124,7,31
596793163,66.03079386,0.853093019,56.32,0.984444444,6,336.9407306,405.0375462,25,56,2966,6,31
759946510,81.69130526,0.877595559,26.84615385,0.996721271,6,147.2624681,165.6458501,39,84,2160,6,45
610882113,66.99279446,0.890183291,43.82608696,0.916661681,9,338.629202,352.3823762,23,50,2041,4,27
491120373,72.24615888,0.900143435,45.66666667,0.917057821,5,316.3471286,361.2542202,12,28,1138,4,16
570681325,77.09282211,0.880287972,36.36956522,0.998562526,7,196.1686422,229.1267333,23,49,1797,3,26
646827528,78.01602888,0.883508103,63.63157895,0.99770787,10,314.294342,435.1871213,19,44,2689,6,25
623320232,83.28586849,0.908487821,90.03125,0.890005239,3,306.2852297,315.5209902,16,38,3000,6,22
759896998,84.5666854,0.914024223,51.47222222,0.914498325,4,171.9284649,204.9644458,18,43,1970,7,25
496085260,78.93569389,0.919951905,53.08823529,0.771828457,9,648.0688835,717.2414782,17,43,2032,9,26
491253934,69.63715949,0.854195685,44.16666667,0.973048948,15,638.6542986,659.289748,24,56,2347,8,32
759878104,84.56593586,0.877716985,19.80555556,0.977981734,6,102.563929,107.7699588,36,79,1494,7,43
759889852,58.70559514,0.941702044,39.61363636,0.926101661,4,197.7292997,208.5503226,22,50,1835,6,28
720117681,78.60251127,0.885718405,41.34545455,0.975939615,20,587.3252376,694.9149779,55,118,4747,8,63
492100960,57.94501216,0.888346654,46.39285714,0.906580327,4,335.2099731,352.5805138,14,35,1512,7,21
563818907,80.34474342,0.88809593,89.5,1,14,803.6312343,825.5015647,49,105,8912,7,56
491120155,78.05644525,0.906973527,40.53225806,0.916828516,5,442.5961079,459.9484364,31,68,2570,6,37
599474317,78.14939636,0.903645739,84.03205128,0.984763586,17,808.9651393,928.8558853,78,165,13253,9,87
510989433,82.58485312,0.86450925,52.53333333,0.837388515,7,496.1425984,554.9985727,30,68,3250,8,38
496253700,74.15277795,0.887697517,48.55882353,0.913783083,7,462.6854003,489.3244159,17,42,1932,8,25
759934589,80.7129831,0.869356388,32.38333333,0.997219602,11,272.1562097,326.7731203,30,65,2154,5,35
639632757,68.27135846,0.713290834,70.1875,0.981093648,8,361.9083876,504.1143496,16,38,2400,6,22
491771306,62.72201529,0.906379325,62.95,1.024939314,5,271.6547852,298.931937,10,24,1491,4,14
614431995,92.88149197,0.901711758,36.04166667,1,4,235.1067793,269.1915285,12,27,948,3,15
496123897,68.86923002,0.919063695,48.06956522,0.814642778,20,660.5083219,764.7563835,58,130,5802,14,72
544901580,73.96088322,0.865121845,95.84070796,0.835762632,11,568.7716701,659.6033435,57,123,11024,9,66
496085283,72.94269781,0.883102965,54.25,0.928054253,5,335.2198268,351.4764049,16,38,1930,6,22
572837189,65.02989133,0.909120885,67.79885057,0.962482964,16,954.711634,1026.567205,87,182,11933,8,95
759907463,71.99774049,0.886245111,34.58333333,0.863976349,5,218.6051738,258.6079081,18,45,1546,9,27
638206442,77.4405667,0.900146912,54.95454545,0.999879104,4,229.5230079,260.2947041,11,29,1413,7,18
491458672,62.16717645,0.872704192,45.53448276,0.774110485,8,457.2259067,539.1209513,29,69,2923,11,40
519263589,79.64256754,0.86410491,48.04761905,0.964918157,11,487.9542389,549.4708382,21,49,2213,7,28
562185962,92.22458733,0.85037504,23.59701493,0.866625639,6,139.4326647,146.1124581,34,75,1687,7,41
673116803,79.0108342,0.901913609,28.6,0.900383735,7,191.7391343,206.0786837,20,47,1334,7,27
566351095,74.98104057,0.868881835,67.025,1,4,273.3858626,319.7738397,20,47,3111,7,27
491120144,67.04289881,0.883763373,57.85714286,0.968697072,4,223.3968407,266.5064537,14,35,1930,7,21
491119971,72.19736005,0.885827338,45.04166667,0.912632232,4,160.4088177,172.4454559,24,56,2298,8,32
657270169,73.79184591,0.914024355,39.76470588,0.79141113,5,219.2711458,232.6290471,17,41,1519,7,24
716317425,76.89726753,0.836115543,75.01162791,0.968530378,11,923.3981688,1043.698922,86,177,13007,5,91
492413653,78.53507082,0.89779351,47.12727273,0.779837819,9,374.6675222,419.7113108,28,62,2813,6,34
514351601,67.77973626,0.904720714,35.98484848,0.824530896,6,293.7945877,315.8705999,33,72,2483,6,39
495335232,76.46238309,0.881443995,57.75,0.8803402,5,224.4263251,257.8473099,28,63,3325,7,35
491770934,76.24576321,0.899900204,41.59322034,0.886661867,8,391.8905475,415.8584424,30,66,2597,6,36
501146939,71.44931115,0.845840075,58.64814815,0.783953801,10,444.8529868,609.7060413,27,64,3661,10,37
681921441,84.30236516,0.859499332,75.5,1,4,208.0143177,240.7821605,9,24,1845,6,15
491119732,75.41524161,0.848305885,80.4,0.871163208,5,264.6114497,316.5748551,20,47,3404,7,27
496123859,77.60505591,0.881926059,38.5106383,0.786870653,15,580.9967289,740.2528152,47,101,3845,7,54
717086683,75.99372094,0.920031983,47.83606557,0.924971804,27,671.3411884,789.3035671,61,133,6205,11,72
647730527,80.55106192,0.861041913,39.79411765,1,6,197.3990092,221.2127478,34,73,2763,5,39
491392856,77.49703278,0.875972324,42.7826087,0.838377301,6,308.3861451,350.7346164,23,54,2158,8,31
657060422,86.65271897,0.893108031,30.78571429,1,4,103.1465951,115.2461044,21,48,1348,6,27
484775243,78.02694774,0.866135952,48.08196721,0.866581726,7,476.921223,550.6911059,31,70,3041,8,39
675964893,76.57200084,0.844928746,55.40384615,0.985393114,10,556.3839222,659.67952,26,60,3104,8,34
496001028,87.26266492,0.864566604,48.61764706,0.875392577,15,618.3061147,811.9043909,51,108,5178,6,57
554475593,76.19020743,0.892103572,42.5877193,0.846435912,16,582.1294154,737.4902628,57,122,4955,8,65
496121314,83.40210126,0.917683727,37.9375,0.892215136,9,391.7222016,419.6177772,24,56,1987,8,32
601947954,77.55076744,0.850678169,47.87037037,0.990169157,7,187.6695178,215.3509916,27,60,2631,6,33
491392788,69.68821584,0.890830813,37.875,0.837657989,8,422.1706261,435.5252278,28,60,2141,4,32
623893374,85.87273883,0.871771913,39.34693878,0.998970902,5,193.2816798,230.3555308,25,54,1960,4,29
647860103,73.36476089,0.835573848,69.92,0.95872499,10,588.6872238,669.4261895,25,55,3545,5,30
541533044,75.97009358,0.871426016,59.83333333,0.759576659,11,390.8294857,626.3732747,27,58,3265,4,31
514342367,64.51539059,0.854380193,59.68965517,0.847030652,12,394.9618016,454.6839378,29,63,3511,5,34
656411100,85.88628054,0.881230505,38.03846154,1,5,199.7317296,222.4807625,13,28,1008,2,15
585893391,64.79990424,0.877313173,69.69354839,0.863848494,8,528.1396953,570.0307922,31,66,4356,4,35
680109366,58.54581538,0.884769079,93.61157025,0.913670143,15,800.9209189,846.6132609,62,130,11366,6,68
510121190,63.57886138,0.912103355,64.33333333,0.879128763,4,311.8939433,340.3578986,21,49,2782,7,28
681002938,77.74077031,0.931994369,55.5,0.958535913,2,193.7861199,219.9747584,3,10,598,4,7
543103584,79.00679144,0.885825114,37.59375,0.820955336,13,247.1196043,283.6498678,48,103,3702,7,55
491119526,69.15524257,0.909922885,30.12962963,0.901092164,5,205.934893,263.6721866,27,58,1665,4,31
491392945,75.56483485,0.897585644,40.50704225,0.710496521,8,423.2623992,444.0168089,37,79,2913,5,42
648742933,89.04219934,0.861621442,61.63157895,1,4,213.2212282,241.6891532,19,43,2425,5,24
491458970,55.47340011,0.882621227,53.81578947,0.785947733,6,433.6756884,450.2243808,19,43,2148,5,24
492413487,50.43699718,0.840003475,32.83333333,0.91098388,5,176.340061,217.789429,15,32,1002,2,17
495337195,70.51468953,0.899269033,44.41304348,0.889929006,6,289.0088588,316.4418205,23,49,2104,3,26
759905328,75.79669514,0.867127727,47.07894737,0.980200643,8,340.2770064,355.981648,38,79,3679,3,41
491119537,74.6779127,0.876857625,75.17647059,1.055956673,4,326.8482129,374.2327899,17,37,2605,3,20
675855243,80.24456957,0.914668989,75.67924528,0.963360605,12,780.3011722,866.9859158,53,111,8117,5,58
667320197,63.19726436,0.926534928,70.77868852,0.952833743,17,748.0636685,798.1574055,61,128,8705,6,67
491392833,49.48321008,0.922018767,67,0.95014719,3,577.2556066,613.5599245,10,28,1642,8,18
491119245,70.75836676,0.9280431,39.73333333,0.803137288,3,242.3519302,258.8685611,15,36,1397,6,21
668474764,68.74561333,0.859749647,98.765625,0.960202765,15,1148.903715,1275.486249,32,69,6587,5,37
651089035,63.26619106,0.9284431,69.94827586,1,12,1115.21477,1148.220122,58,125,8271,9,67
491253847,55.58814655,0.913053173,34.07692308,0.89577169,8,424.0334341,431.8737775,26,58,1828,6,32
623853389,87.56208844,0.818533094,46.31428571,0.998979238,7,309.5693955,358.2489866,35,72,3308,2,37
667320129,71.28714943,0.867519448,76.7037037,0.994290036,13,1054.738463,1151.270852,27,60,4381,6,33
527109145,68.0912886,0.877691154,48.84782609,0.710067877,17,687.0656323,791.1833321,46,101,4800,9,55
596793240,75.07693064,0.835589573,61.925,1,4,258.3525251,320.3356688,20,45,2618,5,25
491392821,71.94700307,0.895384132,33.92647059,0.858599895,9,422.9389567,448.5366558,35,76,2380,6,41
491392845,63.82103996,0.893280744,44.27777778,0.866554624,9,547.6686075,622.7420178,36,78,3247,6,42
606347981,74.47445768,0.820381118,43.26315789,1,5,212.0107822,294.2672657,19,43,1702,5,24
760196580,73.29996043,0.896349146,44.67857143,0.845182677,6,198.7573837,224.9425351,14,34,1433,6,20
538906639,81.73875024,0.861565846,72.71875,0.905363052,8,323.5904147,438.9302591,16,37,2430,5,21
646503876,86.19891056,0.858944096,44.57142857,0.991786982,5,243.0622645,276.2715746,14,33,1521,5,19
649553736,86.50926209,0.835723158,42.875,0.957625863,6,135.217456,181.3185788,20,45,1783,5,25
675965554,76.89521134,0.861256797,53.67391304,0.982449368,9,652.421229,722.6282911,23,51,2533,5,28
491771326,87.38557735,0.800959786,41.2962963,0.874234614,16,465.2618001,562.7184234,27,61,2354,7,34
563819177,83.6808694,0.852821653,23.875,0.992927964,5,99.21849503,125.9663286,20,49,1136,9,29
587405140,80.15690557,0.88543203,36.65909091,0.996254133,6,175.0537208,223.0907989,22,46,1653,2,24
610885974,74.48218351,0.897419803,40.31428571,1,7,324.8796594,410.3879687,35,72,2892,2,37
495335491,72.45893581,0.880299246,39.5,0.871313787,9,502.5660288,539.8777538,49,107,4079,9,58
650160511,77.21075299,0.904494076,41.77906977,0.830579243,9,581.3883548,637.8306476,43,88,3606,2,45
661930403,75.72447049,0.880706088,40.14705882,0.999566785,10,294.0467896,328.7130223,51,110,4173,8,59
657210762,60.73443574,0.930035599,35.42857143,0.916285027,6,221.6939297,223.9461036,28,58,2022,2,30
508278933,78.33924808,0.895605924,39.94029851,0.794578868,12,488.5847597,513.7605496,34,76,2922,8,42
572837209,79.04545034,0.908526756,18.54666667,0.994178706,8,98.47847188,109.4581389,38,81,1495,5,43
605859502,77.79471096,0.882325224,39.22222222,0.987652826,7,324.9817514,408.2071495,32,67,2642,3,35
667320016,74.84659682,0.915422661,64.11764706,0.990668426,10,504.2537331,543.8254281,51,109,6673,7,58
692297214,91.86060069,0.873147344,36.57142857,0.984738592,4,175.3560022,232.3096372,14,36,1266,8,22
652192441,92.34273671,0.827213847,73.5,1,8,462.0009456,580.5434646,15,37,2484,7,22
700233253,64.76265644,0.910691345,90.06666667,0.935705957,11,1182.870451,1231.501427,30,62,5430,2,32
495889701,68.97356632,0.902848241,39.83333333,0.904650747,3,218.8559676,227.4114694,18,42,1720,6,24
658102910,93.5738515,0.831727734,21.80357143,1,5,118.1687743,141.4882544,28,62,1309,6,34
606347939,65.50144295,0.883402397,87.22727273,1,4,233.9828346,255.9198025,11,27,2003,5,16
508278685,58.70559514,0.941702044,39.61363636,0.926101661,4,197.7292997,208.5503226,22,50,1835,6,28
591276334,84.74251303,0.875201063,33.54761905,0.983183178,7,169.3049481,188.9549187,42,88,2868,4,46
545583709,79.96829587,0.810913468,63.43181818,0.772125356,9,302.2598515,387.5953245,22,49,2829,5,27
591276550,93.08386065,0.880027627,52.5,0.999615545,3,127.1569749,141.4906194,8,22,981,6,14
599474134,89.98538532,0.821115772,54,1,7,228.8892833,330.660981,22,49,2452,5,27
491771137,77.13685732,0.87083815,58.31147541,0.913319331,7,304.7539208,343.6953354,31,67,3620,5,36
500919203,76.8250442,0.891643617,39.26086957,1.007621958,4,192.7200718,207.4340927,23,54,2017,8,31
491459160,70.52496798,0.833767752,53.64705882,0.979140685,7,380.8879678,421.1230861,17,41,2000,7,24
546779006,67.78400309,0.824176623,59.07843137,0.727249394,14,864.5861008,898.9172429,26,60,3226,8,34
491771387,81.83066692,0.878351536,92.4,0.886307979,4,286.9159334,356.0201984,10,26,2170,6,16
546778526,76.1278706,0.876244536,50.62903226,0.813230745,17,725.5903692,773.3890733,31,68,3272,6,37
730619584,78.72254225,0.887436449,17.64285714,0.999226615,4,102.789762,104.0770205,14,33,606,5,19
657247778,68.27778558,0.903812783,45.6,0.922801399,4,366.9737061,393.49573,10,23,1001,3,13
651482864,66.77980272,0.853745709,47.04761905,0.973236125,10,396.698387,464.5571462,42,90,3984,6,48
582653993,79.6104727,0.879951277,41.125,0.985703923,5,201.637529,242.1330835,20,47,1755,7,27
712559850,66.252847,0.859767385,90.29285714,0.973879701,19,844.4163906,940.9236755,70,147,12735,7,77
491770196,79.5217573,0.864536417,37.16666667,0.860075607,5,204.27547,227.6250914,12,29,1025,5,17
706381804,84.06400803,0.889290117,54.60714286,0.747879062,6,322.035803,357.7794791,14,36,1875,8,22
491119515,51.12294994,0.865686575,65.53333333,0.920067606,4,271.1146963,300.7265293,15,36,2170,6,21
669814886,73.48724005,0.872039373,130.36,1,3,471.3416283,480.8363937,13,31,3419,5,18
537047495,66.75849107,0.84865106,52.92682927,0.881696922,13,713.298936,776.7740142,21,47,2313,5,26
591276216,80.7129831,0.869244977,31.28333333,0.981943134,11,272.1562097,326.7731203,30,65,2088,5,35
496163999,56.39345453,0.912144953,93.9,0.780671833,1,194.3087972,201.9270645,5,18,1284,8,13
675799126,74.56905276,0.892567076,92.02307692,0.974234011,18,1046.365593,1157.225329,65,139,12338,9,74
667319659,83.0062675,0.897934318,118.8,0.991927668,3,379.8719011,420.1673248,10,26,2468,6,16
846083117,68.7574947,0.848959079,82.81578947,0.990904068,10,501.7144251,605.0461054,76,157,12622,5,81